日期Date,指数代码 Index Code,指数名称 Index Name,指数英文名称Index Name(Eng),成份券代码Constituent Code,成份券名称Constituent Name,成份券英文名称Constituent Name(Eng),交易所Exchange,交易所英文名称Exchange(Eng)
20260817,932000,中证2000,CSI 2000,000011,深物业A,Shenzhen Properties & Resources Development (Group) Co Ltd,深圳证券交易所,Shenzhen Stock Exchange
20260817,932000,中证2000,CSI 2000,000014,沙河股份,Shahe Industrial Co Ltd,深圳证券交易所,Shenzhen Stock Exchange
20260817,932000,中证2000,CSI 2000,000017,深中华A,Shenzhen China Bicycles Co (Holdings) Ltd,深圳证券交易所,Shenzhen Stock Exchange
20260817,932000,中证2000,CSI 2000,000019,深粮控股,"SHENZHEN CEREALS HOLDINGS CO.,LTD.",深圳证券交易所,Shenzhen Stock Exchange
20260817,932000,中证2000,CSI 2000,000025,特力A,Shenzhen Tellus Holding Co Ltd,深圳证券交易所,Shenzhen Stock Exchange
20260817,932000,中证2000,CSI 2000,000026,飞亚达,"FIYTA Precision Technology Co., Ltd.",深圳证券交易所,Shenzhen Stock Exchange
20260817,932000,中证2000,CSI 2000,000036,华联控股,China Union Holdings Co Ltd,深圳证券交易所,Shenzhen Stock Exchange
20260817,932000,中证2000,CSI 2000,000037,深南电A,Shenzhen Nanshan Power Company Limited,深圳证券交易所,Shenzhen Stock Exchange
20260817,932000,中证2000,CSI 2000,000045,深纺织A,Shenzhen Textile (Holdings) Co Ltd,深圳证券交易所,Shenzhen Stock Exchange
20260817,932000,中证2000,CSI 2000,000068,华控赛格,"SHENZHEN HUAKONG SEG CO., LTD.",深圳证券交易所,Shenzhen Stock Exchange
20260817,932000,中证2000,CSI 2000,000070,特发信息,Shenzhen SDG Information Co Ltd,深圳证券交易所,Shenzhen Stock Exchange
20260817,932000,中证2000,CSI 2000,000090,天健集团,"SHENZHEN TAGEN GROUP CO., LTD.",深圳证券交易所,Shenzhen Stock Exchange
20260817,932000,中证2000,CSI 2000,000096,广聚能源,Shenzhen Guangju Energy Co Ltd,深圳证券交易所,Shenzhen Stock Exchange
20260817,932000,中证2000,CSI 2000,000151,中成股份,China National Complete Plant Import&Export Co Ltd,深圳证券交易所,Shenzhen Stock Exchange
20260817,932000,中证2000,CSI 2000,000153,丰原药业,Anhui Fengyuan Pharmaceutical Co Ltd,深圳证券交易所,Shenzhen Stock Exchange
20260817,932000,中证2000,CSI 2000,000159,国际实业,Xinjiang International Industry Co Ltd,深圳证券交易所,Shenzhen Stock Exchange
20260817,932000,中证2000,CSI 2000,000404,长虹华意,"CHANGHONG HUAYI COMPRESSOR CO., LTD.",深圳证券交易所,Shenzhen Stock Exchange
20260817,932000,中证2000,CSI 2000,000407,胜利股份,Shandong Shengli Co Ltd,深圳证券交易所,Shenzhen Stock Exchange
20260817,932000,中证2000,CSI 2000,000409,云鼎科技,"Yunding Technology Co.,Ltd.",深圳证券交易所,Shenzhen Stock Exchange
20260817,932000,中证2000,CSI 2000,000411,英特集团,Zhejiang Int'l Group Co Ltd,深圳证券交易所,Shenzhen Stock Exchange
20260817,932000,中证2000,CSI 2000,000417,合百集团,Hefei Department Store Group Co Ltd,深圳证券交易所,Shenzhen Stock Exchange
20260817,932000,中证2000,CSI 2000,000419,通程控股,Changsha Tongcheng Holdings Co Ltd,深圳证券交易所,Shenzhen Stock Exchange
20260817,932000,中证2000,CSI 2000,000421,南京公用,"NanJing Public Utilities Development Co., Ltd.",深圳证券交易所,Shenzhen Stock Exchange
20260817,932000,中证2000,CSI 2000,000428,华天酒店,Huatian Hotel Group Co Ltd,深圳证券交易所,Shenzhen Stock Exchange
20260817,932000,中证2000,CSI 2000,000501,武商集团,"WUSHANG GROUP CO., LTD.",深圳证券交易所,Shenzhen Stock Exchange
20260817,932000,中证2000,CSI 2000,000505,京粮控股,"Hainan Jingliang Holdings Co., Ltd.",深圳证券交易所,Shenzhen Stock Exchange
20260817,932000,中证2000,CSI 2000,000507,珠海港,Zhuhai Port Co Ltd,深圳证券交易所,Shenzhen Stock Exchange
20260817,932000,中证2000,CSI 2000,000509,华塑控股,"Huasu Holdings Co.,Ltd",深圳证券交易所,Shenzhen Stock Exchange
20260817,932000,中证2000,CSI 2000,000510,新金路,"SICHUAN XINJINLU GROUP CO.,LTD",深圳证券交易所,Shenzhen Stock Exchange
20260817,932000,中证2000,CSI 2000,000514,渝开发,Chongqing Yukaifa Co Ltd,深圳证券交易所,Shenzhen Stock Exchange
20260817,932000,中证2000,CSI 2000,000517,荣安地产,"Rongan Property Co., Ltd.",深圳证券交易所,Shenzhen Stock Exchange
20260817,932000,中证2000,CSI 2000,000520,凤凰航运,"Phoenix Shipping (Wuhan) Co.,Ltd.",深圳证券交易所,Shenzhen Stock Exchange
20260817,932000,中证2000,CSI 2000,000521,长虹美菱,"CHANGHONG MEILING CO.,LTD.",深圳证券交易所,Shenzhen Stock Exchange
20260817,932000,中证2000,CSI 2000,000523,红棉股份,"HONGMIAN ZHIHUI SCIENCE AND TECHNOLOGY INNOVATION CO.,LTD.GUANGZHOU",深圳证券交易所,Shenzhen Stock Exchange
20260817,932000,中证2000,CSI 2000,000524,岭南控股,Guangzhou Lingnan Group Holdings Company Limited,深圳证券交易所,Shenzhen Stock Exchange
20260817,932000,中证2000,CSI 2000,000526,学大教育,"XUEDA (XIAMEN) EDUCATION TECHNOLOGY GROUP CO., LTD",深圳证券交易所,Shenzhen Stock Exchange
20260817,932000,中证2000,CSI 2000,000530,冰山冷热,"Bingshan Refrigeration & Heat Transfer Technologies Co.,Ltd.",深圳证券交易所,Shenzhen Stock Exchange
20260817,932000,中证2000,CSI 2000,000531,穗恒运A,Guangzhou Hengyun Enterprises Holding Ltd,深圳证券交易所,Shenzhen Stock Exchange
20260817,932000,中证2000,CSI 2000,000532,华金资本,"Zhuhai Huajin Capital Co., Ltd.",深圳证券交易所,Shenzhen Stock Exchange
20260817,932000,中证2000,CSI 2000,000533,顺钠股份,"Guangdong Shunna Electric Co.,Ltd.",深圳证券交易所,Shenzhen Stock Exchange
20260817,932000,中证2000,CSI 2000,000541,佛山照明,Foshan Electrical and Lighting Co Ltd,深圳证券交易所,Shenzhen Stock Exchange
20260817,932000,中证2000,CSI 2000,000551,创元科技,"Create Technology and Science Co.,Ltd.",深圳证券交易所,Shenzhen Stock Exchange
20260817,932000,中证2000,CSI 2000,000554,泰山石油,Sinopec Shandong Taishan Petroleum Co Ltd,深圳证券交易所,Shenzhen Stock Exchange
20260817,932000,中证2000,CSI 2000,000558,天府文旅,"Chengdu New Tianfu Culture Tourism Development Co.,Ltd.",深圳证券交易所,Shenzhen Stock Exchange
20260817,932000,中证2000,CSI 2000,000560,我爱我家,"5I5J HOLDING GROUP CO., LTD.",深圳证券交易所,Shenzhen Stock Exchange
20260817,932000,中证2000,CSI 2000,000561,烽火电子,Shaanxi Fenghuo Electronics Co Ltd,深圳证券交易所,Shenzhen Stock Exchange
20260817,932000,中证2000,CSI 2000,000565,渝三峡A,Chongqing Sanxia Paints Co Ltd,深圳证券交易所,Shenzhen Stock Exchange
20260817,932000,中证2000,CSI 2000,000570,苏常柴A,Changchai Co Ltd,深圳证券交易所,Shenzhen Stock Exchange
20260817,932000,中证2000,CSI 2000,000576,甘化科工,"Guangdong Ganhua Science & Industry Co., Ltd.",深圳证券交易所,Shenzhen Stock Exchange
20260817,932000,中证2000,CSI 2000,000589,贵州轮胎,Gui Zhou Tyre Co Ltd,深圳证券交易所,Shenzhen Stock Exchange
20260817,932000,中证2000,CSI 2000,000593,德龙汇能,"DELONG COMPOSITE ENERGY GROUP CO., LTD",深圳证券交易所,Shenzhen Stock Exchange
20260817,932000,中证2000,CSI 2000,000597,东北制药,Northeast Pharmaceutical Group Co Ltd,深圳证券交易所,Shenzhen Stock Exchange
20260817,932000,中证2000,CSI 2000,000601,韶能股份,Guangdong Shaoneng Group Co Ltd,深圳证券交易所,Shenzhen Stock Exchange
20260817,932000,中证2000,CSI 2000,000607,华媒控股,"Zhejiang Huamei Holding CO., LTD.",深圳证券交易所,Shenzhen Stock Exchange
20260817,932000,中证2000,CSI 2000,000631,顺发恒能,SHUNFA HENGNENG Corporation.,深圳证券交易所,Shenzhen Stock Exchange
20260817,932000,中证2000,CSI 2000,000635,英 力 特,"Ningxia Younglight Chemicals Co.,Ltd",深圳证券交易所,Shenzhen Stock Exchange
20260817,932000,中证2000,CSI 2000,000652,泰达股份,"Tianjin TEDA Resources Recycling Group Co.,Ltd.",深圳证券交易所,Shenzhen Stock Exchange
20260817,932000,中证2000,CSI 2000,000655,金岭矿业,Shandong Jinling Mining Co Ltd,深圳证券交易所,Shenzhen Stock Exchange
20260817,932000,中证2000,CSI 2000,000659,珠海中富,Zhuhai Zhongfu Enterprise Co Ltd,深圳证券交易所,Shenzhen Stock Exchange
20260817,932000,中证2000,CSI 2000,000670,盈方微,"Infotmic Co.,Ltd.",深圳证券交易所,Shenzhen Stock Exchange
20260817,932000,中证2000,CSI 2000,000700,模塑科技,Jiangnan Mould & Plastic Technology Co Ltd,深圳证券交易所,Shenzhen Stock Exchange
20260817,932000,中证2000,CSI 2000,000701,厦门信达,Xiamen Xinde Co Ltd,深圳证券交易所,Shenzhen Stock Exchange
20260817,932000,中证2000,CSI 2000,000705,浙江震元,"Zhejiang Zhenyuan Share Co., Ltd",深圳证券交易所,Shenzhen Stock Exchange
20260817,932000,中证2000,CSI 2000,000707,双环科技,Hubei Shuanghuan Science And Technologystock Co Ltd,深圳证券交易所,Shenzhen Stock Exchange
20260817,932000,中证2000,CSI 2000,000710,贝瑞基因,"BerryGenomics Co., Ltd",深圳证券交易所,Shenzhen Stock Exchange
20260817,932000,中证2000,CSI 2000,000713,国投丰乐,"SDIC FENGLE SEED CO.,LTD",深圳证券交易所,Shenzhen Stock Exchange
20260817,932000,中证2000,CSI 2000,000715,中兴商业,"Zhongxing Shenyang Commercial Building  Group Co., Ltd",深圳证券交易所,Shenzhen Stock Exchange
20260817,932000,中证2000,CSI 2000,000716,黑芝麻,"NANFANG BLACK SESAME GROUP CO., LTD.",深圳证券交易所,Shenzhen Stock Exchange
20260817,932000,中证2000,CSI 2000,000717,中南股份,"Guangdong Zhongnan Iron & Steel Co., Ltd.",深圳证券交易所,Shenzhen Stock Exchange
20260817,932000,中证2000,CSI 2000,000718,苏宁环球,Suning Universal Co Ltd,深圳证券交易所,Shenzhen Stock Exchange
20260817,932000,中证2000,CSI 2000,000721,西安饮食,Xi'an Catering Co Ltd,深圳证券交易所,Shenzhen Stock Exchange
20260817,932000,中证2000,CSI 2000,000722,湖南发展,"Hunan Energy Group Development Co.,Ltd.",深圳证券交易所,Shenzhen Stock Exchange
20260817,932000,中证2000,CSI 2000,000726,鲁  泰A,Lu Thai Textile Co Ltd,深圳证券交易所,Shenzhen Stock Exchange
20260817,932000,中证2000,CSI 2000,000731,四川美丰,Sichuan Meifeng Chemical Industry Co Ltd,深圳证券交易所,Shenzhen Stock Exchange
20260817,932000,中证2000,CSI 2000,000735,罗牛山,Haikou Agriculture & Industry & Trade (Luoniushan) Co Ltd,深圳证券交易所,Shenzhen Stock Exchange
20260817,932000,中证2000,CSI 2000,000751,锌业股份,Huludao Zinc Industry Co Ltd,深圳证券交易所,Shenzhen Stock Exchange
20260817,932000,中证2000,CSI 2000,000753,漳州发展,"Fujian Zhangzhou Development Co.,Ltd",深圳证券交易所,Shenzhen Stock Exchange
20260817,932000,中证2000,CSI 2000,000756,新华制药,Shandong Xinhua Pharmaceutical Co Ltd,深圳证券交易所,Shenzhen Stock Exchange
20260817,932000,中证2000,CSI 2000,000759,中百集团,Zhongbai Holdings Group Co Ltd,深圳证券交易所,Shenzhen Stock Exchange
20260817,932000,中证2000,CSI 2000,000777,中核科技,SUFA Technology Industry Co Ltd CNNC,深圳证券交易所,Shenzhen Stock Exchange
20260817,932000,中证2000,CSI 2000,000779,甘咨询,"Gansu Engineering Consulting Group Co., Ltd.",深圳证券交易所,Shenzhen Stock Exchange
20260817,932000,中证2000,CSI 2000,000782,恒申新材,"Guangdong Highsun Meida New Materials Co., Ltd.",深圳证券交易所,Shenzhen Stock Exchange
20260817,932000,中证2000,CSI 2000,000788,北大医药,"PKU HealthCare Corp., Ltd.",深圳证券交易所,Shenzhen Stock Exchange
20260817,932000,中证2000,CSI 2000,000797,中国武夷,China Wuyi Co Ltd,深圳证券交易所,Shenzhen Stock Exchange
20260817,932000,中证2000,CSI 2000,000798,中水渔业,CNFC Overseas Fishery Co Ltd,深圳证券交易所,Shenzhen Stock Exchange
20260817,932000,中证2000,CSI 2000,000803,山高环能,SHANDONG HIGH SPEED RENEWABLE ENERGY GROUP LIMITED,深圳证券交易所,Shenzhen Stock Exchange
20260817,932000,中证2000,CSI 2000,000812,陕西金叶,Shaanxi Jinye Science Technology and Education Co Ltd Group,深圳证券交易所,Shenzhen Stock Exchange
20260817,932000,中证2000,CSI 2000,000815,美利云,"MCC MEILI CLOUD COMPUTING INDUSTRY INVESTMENT CO., LTD",深圳证券交易所,Shenzhen Stock Exchange
20260817,932000,中证2000,CSI 2000,000816,智慧农业,"JIANGSU NONGHUA INTELLIGENT AGRICULTURE TECHNOLOGY CO.,LTD.",深圳证券交易所,Shenzhen Stock Exchange
20260817,932000,中证2000,CSI 2000,000819,岳阳兴长,Yueyang Xingchang Petrochemical Co Ltd,深圳证券交易所,Shenzhen Stock Exchange
20260817,932000,中证2000,CSI 2000,000822,山东海化,Shandong Haihua Co Ltd,深圳证券交易所,Shenzhen Stock Exchange
20260817,932000,中证2000,CSI 2000,000823,超声电子,Guangdong Goworld Co Ltd,深圳证券交易所,Shenzhen Stock Exchange
20260817,932000,中证2000,CSI 2000,000850,华茂股份,Anhui Huamao Textile Co Ltd,深圳证券交易所,Shenzhen Stock Exchange
20260817,932000,中证2000,CSI 2000,000852,石化机械,Sinopec Oilfield Equipment Corporation,深圳证券交易所,Shenzhen Stock Exchange
20260817,932000,中证2000,CSI 2000,000859,国风新材,"Anhui Guofeng New Materials Co., Ltd.",深圳证券交易所,Shenzhen Stock Exchange
20260817,932000,中证2000,CSI 2000,000862,银星能源,"Ningxia Yin Xing Energy Co.,Ltd",深圳证券交易所,Shenzhen Stock Exchange
20260817,932000,中证2000,CSI 2000,000863,三湘印象,"SANXIANG IMPRESSION CO.,LTD",深圳证券交易所,Shenzhen Stock Exchange
20260817,932000,中证2000,CSI 2000,000868,安凯客车,Anhui Ankai Automobile Co Ltd,深圳证券交易所,Shenzhen Stock Exchange
20260817,932000,中证2000,CSI 2000,000882,华联股份,Beijing Hualian Department Store Co Ltd,深圳证券交易所,Shenzhen Stock Exchange
20260817,932000,中证2000,CSI 2000,000886,海南高速,Hainan Expressway Co Ltd,深圳证券交易所,Shenzhen Stock Exchange
20260817,932000,中证2000,CSI 2000,000888,峨眉山A,Emei Shan Tourism Co Ltd,深圳证券交易所,Shenzhen Stock Exchange
20260817,932000,中证2000,CSI 2000,000892,欢瑞世纪,H&R Century Union Corporation,深圳证券交易所,Shenzhen Stock Exchange
20260817,932000,中证2000,CSI 2000,000897,津滨发展,Tianjin Jinbin Development Co Ltd,深圳证券交易所,Shenzhen Stock Exchange
20260817,932000,中证2000,CSI 2000,000900,现代投资,Xiandai Investment Co Ltd,深圳证券交易所,Shenzhen Stock Exchange
20260817,932000,中证2000,CSI 2000,000905,厦门港务,Xiamen Port Development Co Ltd,深圳证券交易所,Shenzhen Stock Exchange
20260817,932000,中证2000,CSI 2000,000912,泸天化,Sichuan Lutianhua Co Ltd,深圳证券交易所,Shenzhen Stock Exchange
20260817,932000,中证2000,CSI 2000,000915,华特达因,"SHANDONG WIT DYNE HEALTH CO.,LTD",深圳证券交易所,Shenzhen Stock Exchange
20260817,932000,中证2000,CSI 2000,000919,金陵药业,Jinling Pharmaceutical Co Ltd,深圳证券交易所,Shenzhen Stock Exchange
20260817,932000,中证2000,CSI 2000,000920,沃顿科技,"Vontron Technology Co., Ltd.",深圳证券交易所,Shenzhen Stock Exchange
20260817,932000,中证2000,CSI 2000,000922,佳电股份,"Harbin Electric Coporation Jiamusi Electric Machine CO.,Ltd",深圳证券交易所,Shenzhen Stock Exchange
20260817,932000,中证2000,CSI 2000,000925,众合科技,"United Science & Technology Co., Ltd.",深圳证券交易所,Shenzhen Stock Exchange
20260817,932000,中证2000,CSI 2000,000926,福星股份,Hubei Fuxing Science And Technology Co Ltd,深圳证券交易所,Shenzhen Stock Exchange
20260817,932000,中证2000,CSI 2000,000931,中关村,Beijing Centergate Technologies (Holding) Co Ltd,深圳证券交易所,Shenzhen Stock Exchange
20260817,932000,中证2000,CSI 2000,000936,华西股份,Jiangsu Huaxicun Co Ltd,深圳证券交易所,Shenzhen Stock Exchange
20260817,932000,中证2000,CSI 2000,000948,南天信息,Yunnan Nantian Electronics Information Co Ltd,深圳证券交易所,Shenzhen Stock Exchange
20260817,932000,中证2000,CSI 2000,000949,新乡化纤,Xinxiang Chemical Fiber Co Ltd,深圳证券交易所,Shenzhen Stock Exchange
20260817,932000,中证2000,CSI 2000,000957,中通客车,"Zhongtong Bus Co.,LTD",深圳证券交易所,Shenzhen Stock Exchange
20260817,932000,中证2000,CSI 2000,000965,天保基建,"Tianjin Tianbao Infrastructure Co.,Ltd.",深圳证券交易所,Shenzhen Stock Exchange
20260817,932000,中证2000,CSI 2000,000968,蓝焰控股,Shanxi Blue Flame Holding Company Limited,深圳证券交易所,Shenzhen Stock Exchange
20260817,932000,中证2000,CSI 2000,000978,桂林旅游,Guilin Tourism Corp Ltd,深圳证券交易所,Shenzhen Stock Exchange
20260817,932000,中证2000,CSI 2000,000989,九芝堂,Jiuzhitang Co Ltd,深圳证券交易所,Shenzhen Stock Exchange
20260817,932000,中证2000,CSI 2000,000993,闽东电力,"FUJIAN MINDONG ELECTRIC POWER GROUP CO., LTD",深圳证券交易所,Shenzhen Stock Exchange
20260817,932000,中证2000,CSI 2000,001205,盛航股份,"Nanjing Shenghang Shipping Co., Ltd.",深圳证券交易所,Shenzhen Stock Exchange
20260817,932000,中证2000,CSI 2000,001206,依依股份,"Tianjin Yiyi Hygiene Products Co., ltd.",深圳证券交易所,Shenzhen Stock Exchange
20260817,932000,中证2000,CSI 2000,001207,联科科技,"Shandong Link Science and Technology Co.,Ltd.",深圳证券交易所,Shenzhen Stock Exchange
20260817,932000,中证2000,CSI 2000,001208,华菱线缆,"HUNAN VALIN WIRE & CABLE CO.,LTD.",深圳证券交易所,Shenzhen Stock Exchange
20260817,932000,中证2000,CSI 2000,001212,中旗新材,"SINOSTONE(GUANGDONG) CO.,LTD.",深圳证券交易所,Shenzhen Stock Exchange
20260817,932000,中证2000,CSI 2000,001215,千味央厨,"Zhengzhou Qianweiyangchu Food Co.,Ltd",深圳证券交易所,Shenzhen Stock Exchange
20260817,932000,中证2000,CSI 2000,001216,华瓷股份,"Hunan Hualian China Industry Co., Ltd.",深圳证券交易所,Shenzhen Stock Exchange
20260817,932000,中证2000,CSI 2000,001217,华尔泰,"ANHUI HUAERTAI CHEMICAL CO., LTD.",深圳证券交易所,Shenzhen Stock Exchange
20260817,932000,中证2000,CSI 2000,001222,源飞宠物,"Wenzhou Yuanfei pet toy products Co., Ltd.",深圳证券交易所,Shenzhen Stock Exchange
20260817,932000,中证2000,CSI 2000,001223,欧克科技,"OK Science and Technology Co., Ltd.",深圳证券交易所,Shenzhen Stock Exchange
20260817,932000,中证2000,CSI 2000,001229,魅视科技,"Guangdong AVCiT Technology Holding Co., Ltd.",深圳证券交易所,Shenzhen Stock Exchange
20260817,932000,中证2000,CSI 2000,001239,永达股份,"Xiangtan Yongda Machinery Manufacturing Co., Ltd.",深圳证券交易所,Shenzhen Stock Exchange
20260817,932000,中证2000,CSI 2000,001258,立新能源,"Xinjiang Lixin Energy Co., Ltd",深圳证券交易所,Shenzhen Stock Exchange
20260817,932000,中证2000,CSI 2000,001266,宏英智能,"Shanghai Smart Control Co., Ltd.",深圳证券交易所,Shenzhen Stock Exchange
20260817,932000,中证2000,CSI 2000,001277,速达股份,"Zhengzhou Suda Industry Machinery Service Co., Ltd.",深圳证券交易所,Shenzhen Stock Exchange
20260817,932000,中证2000,CSI 2000,001282,三联锻造,"Wuhu Sanlian Forging Co., Ltd.",深圳证券交易所,Shenzhen Stock Exchange
20260817,932000,中证2000,CSI 2000,001283,豪鹏科技,"Shenzhen Highpower Technology Co., Ltd.",深圳证券交易所,Shenzhen Stock Exchange
20260817,932000,中证2000,CSI 2000,001285,瑞立科密,"Guangzhou Ruili Kormee Automotive Electronic Co., Ltd.",深圳证券交易所,Shenzhen Stock Exchange
20260817,932000,中证2000,CSI 2000,001288,运机集团,"SICHUAN ZIGONG CONVEYING MACHINE GROUP CO.,LTD.",深圳证券交易所,Shenzhen Stock Exchange
20260817,932000,中证2000,CSI 2000,001296,长江材料,"Chongqing Changjiang River Moulding Material (Group) Co., Ltd.",深圳证券交易所,Shenzhen Stock Exchange
20260817,932000,中证2000,CSI 2000,001298,好上好,"Shenzhen Best of Best Holdings Co.,Ltd.",深圳证券交易所,Shenzhen Stock Exchange
20260817,932000,中证2000,CSI 2000,001300,三柏硕,"Sportsoul Co.,Ltd.",深圳证券交易所,Shenzhen Stock Exchange
20260817,932000,中证2000,CSI 2000,001306,夏厦精密,"Zhejiang XiaSha Precision Manufacturing Co.,Ltd.",深圳证券交易所,Shenzhen Stock Exchange
20260817,932000,中证2000,CSI 2000,001311,多利科技,"Chuzhou Duoli Automotive Technology Co., Ltd.",深圳证券交易所,Shenzhen Stock Exchange
20260817,932000,中证2000,CSI 2000,001313,粤海饲料,"Guangdong Yuehai Feeds Group Co., Ltd.",深圳证券交易所,Shenzhen Stock Exchange
20260817,932000,中证2000,CSI 2000,001314,亿道信息,"Emdoor Information Co., Ltd.",深圳证券交易所,Shenzhen Stock Exchange
20260817,932000,中证2000,CSI 2000,001316,润贝航科,"LUBAIR AVIATION TECHNOLOGY CO., LTD.",深圳证券交易所,Shenzhen Stock Exchange
20260817,932000,中证2000,CSI 2000,001317,三羊马,"San Yang Ma (Chongqing) Logistics Co.,Ltd.",深圳证券交易所,Shenzhen Stock Exchange
20260817,932000,中证2000,CSI 2000,001318,阳光乳业,"Jiangxi Sunshine Dairy Co., Ltd.",深圳证券交易所,Shenzhen Stock Exchange
20260817,932000,中证2000,CSI 2000,001319,铭科精技,"Winstech Precision Holding Co.,LTD.",深圳证券交易所,Shenzhen Stock Exchange
20260817,932000,中证2000,CSI 2000,001325,元创股份,"Yachoo Technology Co., Ltd.",深圳证券交易所,Shenzhen Stock Exchange
20260817,932000,中证2000,CSI 2000,001328,登康口腔,"Dencare (Chongqing) Oral Care Co., Ltd.",深圳证券交易所,Shenzhen Stock Exchange
20260817,932000,中证2000,CSI 2000,001332,锡装股份,"Wuxi Chemical Equipment Co., Ltd.",深圳证券交易所,Shenzhen Stock Exchange
20260817,932000,中证2000,CSI 2000,001335,信凯科技,"Trust Chem Co., Ltd.",深圳证券交易所,Shenzhen Stock Exchange
20260817,932000,中证2000,CSI 2000,001338,永顺泰,GDH SUPERTIME GROUP COMPANY LIMITED,深圳证券交易所,Shenzhen Stock Exchange
20260817,932000,中证2000,CSI 2000,001356,富岭股份,"Fuling Technology CO., LTD",深圳证券交易所,Shenzhen Stock Exchange
20260817,932000,中证2000,CSI 2000,001360,南矿集团,"Nanchang Mineral Systems Co., Ltd.",深圳证券交易所,Shenzhen Stock Exchange
20260817,932000,中证2000,CSI 2000,001367,海森药业,"Zhejiang Haisen Pharmaceutical Co., Ltd.",深圳证券交易所,Shenzhen Stock Exchange
20260817,932000,中证2000,CSI 2000,001376,百通能源,"Jiangxi Bestoo Energy Co.,Ltd.",深圳证券交易所,Shenzhen Stock Exchange
20260817,932000,中证2000,CSI 2000,001379,腾达科技,"Shandong Tengda Fasten Tech. Co., Ltd.",深圳证券交易所,Shenzhen Stock Exchange
20260817,932000,中证2000,CSI 2000,001380,华纬科技,Hwaway Technology Corporation Limited,深圳证券交易所,Shenzhen Stock Exchange
20260817,932000,中证2000,CSI 2000,001388,信通电子,"Shandong Senter Electronic Co., Ltd.",深圳证券交易所,Shenzhen Stock Exchange
20260817,932000,中证2000,CSI 2000,001390,古麒绒材,Anhui Guqi Down & Feather Textile Incorporated,深圳证券交易所,Shenzhen Stock Exchange
20260817,932000,中证2000,CSI 2000,001395,亚联机械,"Yalian Machinery Co., Ltd.",深圳证券交易所,Shenzhen Stock Exchange
20260817,932000,中证2000,CSI 2000,001396,誉帆科技,Shanghai Refine Environment Sci-tech Ltd.,深圳证券交易所,Shenzhen Stock Exchange
20260817,932000,中证2000,CSI 2000,001400,江顺科技,"Giansun Precision Technology Group Co., Ltd.",深圳证券交易所,Shenzhen Stock Exchange
20260817,932000,中证2000,CSI 2000,002009,天奇股份,"Miracle Automation Engineering Co.,Ltd",深圳证券交易所,Shenzhen Stock Exchange
20260817,932000,中证2000,CSI 2000,002016,世荣兆业,Guangdong Shirongzhaoye Co Ltd,深圳证券交易所,Shenzhen Stock Exchange
20260817,932000,中证2000,CSI 2000,002021,中捷资源,"ZOJE RESOURCES INVESTMENT CO., LTD.",深圳证券交易所,Shenzhen Stock Exchange
20260817,932000,中证2000,CSI 2000,002022,科华生物,Shanghai Kehua Bio-Engineering Co Ltd,深圳证券交易所,Shenzhen Stock Exchange
20260817,932000,中证2000,CSI 2000,002026,山东威达,Shandong Weida Machinery Co Ltd,深圳证券交易所,Shenzhen Stock Exchange
20260817,932000,中证2000,CSI 2000,002029,七匹狼,Fujian Septwolves Industry Co Ltd,深圳证券交易所,Shenzhen Stock Exchange
20260817,932000,中证2000,CSI 2000,002033,丽江股份,Lijiang Yulong Tourism Co Ltd,深圳证券交易所,Shenzhen Stock Exchange
20260817,932000,中证2000,CSI 2000,002034,旺能环境,"WANGNENG ENVIRONMENT CO.,LTD.",深圳证券交易所,Shenzhen Stock Exchange
20260817,932000,中证2000,CSI 2000,002035,华帝股份,VATTI CORPORATION LIMITED,深圳证券交易所,Shenzhen Stock Exchange
20260817,932000,中证2000,CSI 2000,002037,保利联合,"Poly Union Chemical Holding Group Co.,Ltd.",深圳证券交易所,Shenzhen Stock Exchange
20260817,932000,中证2000,CSI 2000,002039,黔源电力,Guizhou Qianyuan Power Co Ltd,深圳证券交易所,Shenzhen Stock Exchange
20260817,932000,中证2000,CSI 2000,002040,南京港,Nanjing Port Co Ltd,深圳证券交易所,Shenzhen Stock Exchange
20260817,932000,中证2000,CSI 2000,002042,华孚时尚,"HUAFU FASHION CO., LTD.",深圳证券交易所,Shenzhen Stock Exchange
20260817,932000,中证2000,CSI 2000,002052,同洲电子,Shenzhen Coship Electronics Co Ltd,深圳证券交易所,Shenzhen Stock Exchange
20260817,932000,中证2000,CSI 2000,002054,德美化工,Dymatic Chemicals Inc,深圳证券交易所,Shenzhen Stock Exchange
20260817,932000,中证2000,CSI 2000,002057,中钢天源,"SINOSTEEL NEW MATERIALS CO., LTD.",深圳证券交易所,Shenzhen Stock Exchange
20260817,932000,中证2000,CSI 2000,002059,云南旅游,Yunnan Tourism Co Ltd,深圳证券交易所,Shenzhen Stock Exchange
20260817,932000,中证2000,CSI 2000,002062,宏润建设,Hongrun Construction Group Co Ltd,深圳证券交易所,Shenzhen Stock Exchange
20260817,932000,中证2000,CSI 2000,002066,瑞泰科技,"Ruitai Materials Technology Co., Ltd.",深圳证券交易所,Shenzhen Stock Exchange
20260817,932000,中证2000,CSI 2000,002067,景兴纸业,Zhejiang Jingxing Paper Joint Stock Co Ltd,深圳证券交易所,Shenzhen Stock Exchange
20260817,932000,中证2000,CSI 2000,002079,苏州固锝,Suzhou Good-Ark Electronics Co Ltd,深圳证券交易所,Shenzhen Stock Exchange
20260817,932000,中证2000,CSI 2000,002083,孚日股份,"Sunvim Group Co.,Ltd.",深圳证券交易所,Shenzhen Stock Exchange
20260817,932000,中证2000,CSI 2000,002090,金智科技,Wiscom System Co Ltd,深圳证券交易所,Shenzhen Stock Exchange
20260817,932000,中证2000,CSI 2000,002094,青岛金王,Qingdao Kingking Applied Chemistry Co Ltd,深圳证券交易所,Shenzhen Stock Exchange
20260817,932000,中证2000,CSI 2000,002095,生意宝,Zhejiang Netsun Co Ltd,深圳证券交易所,Shenzhen Stock Exchange
20260817,932000,中证2000,CSI 2000,002098,浔兴股份,"Fujian SBS Zipper Science and Technology Co.,Ltd.",深圳证券交易所,Shenzhen Stock Exchange
20260817,932000,中证2000,CSI 2000,002103,广博股份,Guangbo Group Stock Co Ltd,深圳证券交易所,Shenzhen Stock Exchange
20260817,932000,中证2000,CSI 2000,002106,莱宝高科,"Shenzhen Laibao High-Technology Co.,Ltd.",深圳证券交易所,Shenzhen Stock Exchange
20260817,932000,中证2000,CSI 2000,002107,沃华医药,Shandong Wohua Pharmaceutical Co Ltd,深圳证券交易所,Shenzhen Stock Exchange
20260817,932000,中证2000,CSI 2000,002108,沧州明珠,Cangzhou Mingzhu Plastic Co Ltd,深圳证券交易所,Shenzhen Stock Exchange
20260817,932000,中证2000,CSI 2000,002111,威海广泰,"Weihai Guangtai Airport Equipment Co., Limited",深圳证券交易所,Shenzhen Stock Exchange
20260817,932000,中证2000,CSI 2000,002112,三变科技,San Bian Science & Technology Co Ltd,深圳证券交易所,Shenzhen Stock Exchange
20260817,932000,中证2000,CSI 2000,002115,三维通信,Sunwave Communications Co Ltd,深圳证券交易所,Shenzhen Stock Exchange
20260817,932000,中证2000,CSI 2000,002116,中国海诚,China Haisum Engineering Co Ltd,深圳证券交易所,Shenzhen Stock Exchange
20260817,932000,中证2000,CSI 2000,002117,东港股份,TUNGKONG INC.,深圳证券交易所,Shenzhen Stock Exchange
20260817,932000,中证2000,CSI 2000,002119,康强电子,Ningbo Kangqiang Electronics Co  Ltd,深圳证券交易所,Shenzhen Stock Exchange
20260817,932000,中证2000,CSI 2000,002124,天邦食品,"Tech-bank Food Co.,Ltd.",深圳证券交易所,Shenzhen Stock Exchange
20260817,932000,中证2000,CSI 2000,002132,恒星科技,Henan Hengxing Science & Technology Co Ltd,深圳证券交易所,Shenzhen Stock Exchange
20260817,932000,中证2000,CSI 2000,002134,天津普林,Tianjin Printronics Circuit Co,深圳证券交易所,Shenzhen Stock Exchange
20260817,932000,中证2000,CSI 2000,002135,东南网架,Zhejiang Southeast Space Frame Co Ltd,深圳证券交易所,Shenzhen Stock Exchange
20260817,932000,中证2000,CSI 2000,002137,实益达,"SHENZHEN SEA STAR TECHNOLOGY CO., LTD",深圳证券交易所,Shenzhen Stock Exchange
20260817,932000,中证2000,CSI 2000,002140,东华科技,East China Engineering Science and Technology Co Ltd,深圳证券交易所,Shenzhen Stock Exchange
20260817,932000,中证2000,CSI 2000,002146,荣盛发展,Risesun Real Estate Development Co Ltd,深圳证券交易所,Shenzhen Stock Exchange
20260817,932000,中证2000,CSI 2000,002148,北纬科技,Beijing Bewinner Communications Co Ltd,深圳证券交易所,Shenzhen Stock Exchange
20260817,932000,中证2000,CSI 2000,002150,正泰电源,"JIANGSU CHINT POWER TECHNOLOGY CO.,LTD",深圳证券交易所,Shenzhen Stock Exchange
20260817,932000,中证2000,CSI 2000,002154,报喜鸟,Zhejiang Baoxiniao Garment Co Ltd,深圳证券交易所,Shenzhen Stock Exchange
20260817,932000,中证2000,CSI 2000,002160,常铝股份,Jiangsu Alcha Aluminum Co Ltd,深圳证券交易所,Shenzhen Stock Exchange
20260817,932000,中证2000,CSI 2000,002161,远望谷,"Invengo Information Technology Co.,Ltd.",深圳证券交易所,Shenzhen Stock Exchange
20260817,932000,中证2000,CSI 2000,002162,悦心健康,"SHANGHAI EVERJOY HEALTH GROUP CO., LTD.",深圳证券交易所,Shenzhen Stock Exchange
20260817,932000,中证2000,CSI 2000,002164,宁波东力,"NINGBO DONLY CO., LTD.",深圳证券交易所,Shenzhen Stock Exchange
20260817,932000,中证2000,CSI 2000,002165,红宝丽,"Hongbaoli Group Corporation,Ltd.",深圳证券交易所,Shenzhen Stock Exchange
20260817,932000,中证2000,CSI 2000,002166,莱茵生物,Guilin Layn Natural Ingredients Corp,深圳证券交易所,Shenzhen Stock Exchange
20260817,932000,中证2000,CSI 2000,002167,东方锆业,Guangdong Orient Zirconic Ind Sci & Tech Co Ltd,深圳证券交易所,Shenzhen Stock Exchange
20260817,932000,中证2000,CSI 2000,002169,智光电气,Guangzhou Zhiguang Electric Co Ltd,深圳证券交易所,Shenzhen Stock Exchange
20260817,932000,中证2000,CSI 2000,002172,澳洋健康,Jiangsu Aoyang Health Industry Co.ltd.,深圳证券交易所,Shenzhen Stock Exchange
20260817,932000,中证2000,CSI 2000,002177,御银股份,Guangzhou KingTeller Technology Co Ltd,深圳证券交易所,Shenzhen Stock Exchange
20260817,932000,中证2000,CSI 2000,002178,延华智能,"Shanghai Yanhua Smartech Group Co., Ltd",深圳证券交易所,Shenzhen Stock Exchange
20260817,932000,中证2000,CSI 2000,002184,海得控制,Shanghai Hi-tech Control System Co Ltd,深圳证券交易所,Shenzhen Stock Exchange
20260817,932000,中证2000,CSI 2000,002186,全聚德,China Quanjude(Group) Co Ltd,深圳证券交易所,Shenzhen Stock Exchange
20260817,932000,中证2000,CSI 2000,002187,广百股份,Guangzhou Grandbuy Co Ltd,深圳证券交易所,Shenzhen Stock Exchange
20260817,932000,中证2000,CSI 2000,002189,中光学,"Costar Group Co., Ltd.",深圳证券交易所,Shenzhen Stock Exchange
20260817,932000,中证2000,CSI 2000,002191,劲嘉股份,"SHENZHEN JINJIA GROUP CO.,LTD.",深圳证券交易所,Shenzhen Stock Exchange
20260817,932000,中证2000,CSI 2000,002196,方正电机,Zhejiang Founder Motor Co Ltd,深圳证券交易所,Shenzhen Stock Exchange
20260817,932000,中证2000,CSI 2000,002201,九鼎新材,"Jiangsu Jiuding New Material Co., Ltd.",深圳证券交易所,Shenzhen Stock Exchange
20260817,932000,中证2000,CSI 2000,002206,海利得,Zhejiang Hailide New Material Co Ltd,深圳证券交易所,Shenzhen Stock Exchange
20260817,932000,中证2000,CSI 2000,002208,合肥城建,Hefei Urban Construction Development Co Ltd,深圳证券交易所,Shenzhen Stock Exchange
20260817,932000,中证2000,CSI 2000,002210,飞马国际,Shenzhen Feima International Supply Chain Co Ltd,深圳证券交易所,Shenzhen Stock Exchange
20260817,932000,中证2000,CSI 2000,002213,大为股份,SHENZHEN DAWEI INNOVATION TECHNOLOGY COMPANY LIMITED,深圳证券交易所,Shenzhen Stock Exchange
20260817,932000,中证2000,CSI 2000,002218,拓日新能,Shenzhen Topraysolar Co Ltd,深圳证券交易所,Shenzhen Stock Exchange
20260817,932000,中证2000,CSI 2000,002219,新里程,"New Journey Health Technology Group Co.,Ltd",深圳证券交易所,Shenzhen Stock Exchange
20260817,932000,中证2000,CSI 2000,002224,三力士,"Sanlux Co., Ltd.",深圳证券交易所,Shenzhen Stock Exchange
20260817,932000,中证2000,CSI 2000,002225,濮耐股份,Puyang Refractories Group Co Ltd,深圳证券交易所,Shenzhen Stock Exchange
20260817,932000,中证2000,CSI 2000,002228,合兴包装,Xiamen Hexing Packaging Printing Co Ltd,深圳证券交易所,Shenzhen Stock Exchange
20260817,932000,中证2000,CSI 2000,002229,鸿博股份,"HONGBO CO., LTD.",深圳证券交易所,Shenzhen Stock Exchange
20260817,932000,中证2000,CSI 2000,002232,启明信息,Qiming Information Technology Co Ltd,深圳证券交易所,Shenzhen Stock Exchange
20260817,932000,中证2000,CSI 2000,002235,安妮股份,Xiamen Anne Co Ltd,深圳证券交易所,Shenzhen Stock Exchange
20260817,932000,中证2000,CSI 2000,002238,天威视讯,Shenzhen Topway Video Communication Co Ltd,深圳证券交易所,Shenzhen Stock Exchange
20260817,932000,中证2000,CSI 2000,002242,九阳股份,Joyoung Co Ltd,深圳证券交易所,Shenzhen Stock Exchange
20260817,932000,中证2000,CSI 2000,002248,华东数控,Weihai Huadong Automation Co Ltd,深圳证券交易所,Shenzhen Stock Exchange
20260817,932000,中证2000,CSI 2000,002255,海陆重工,Suzhou Hailu Heavy Industry Co Ltd,深圳证券交易所,Shenzhen Stock Exchange
20260817,932000,中证2000,CSI 2000,002263,大东南,Zhejiang Great Southeast Co Ltd,深圳证券交易所,Shenzhen Stock Exchange
20260817,932000,中证2000,CSI 2000,002264,新华都,"New Huadu Supercenter Co.,Ltd.",深圳证券交易所,Shenzhen Stock Exchange
20260817,932000,中证2000,CSI 2000,002269,美邦服饰,Shanghai Metersbonwe Fashion & Accessories Co Ltd,深圳证券交易所,Shenzhen Stock Exchange
20260817,932000,中证2000,CSI 2000,002272,川润股份,Sichuan Crun Co Ltd,深圳证券交易所,Shenzhen Stock Exchange
20260817,932000,中证2000,CSI 2000,002274,华昌化工,Jiangsu Huachang Chemical Co Ltd,深圳证券交易所,Shenzhen Stock Exchange
20260817,932000,中证2000,CSI 2000,002277,友阿股份,"Hunan Friendship and Apollo Commercial Co., Ltd.",深圳证券交易所,Shenzhen Stock Exchange
20260817,932000,中证2000,CSI 2000,002278,神开股份,Shanghai SK Petroleum & Chemical Equipment Co Ltd,深圳证券交易所,Shenzhen Stock Exchange
20260817,932000,中证2000,CSI 2000,002279,久其软件,Beijing Join-Cheer Software Co Ltd,深圳证券交易所,Shenzhen Stock Exchange
20260817,932000,中证2000,CSI 2000,002283,天润工业,"Tianrun Industry Technology Co., Ltd.",深圳证券交易所,Shenzhen Stock Exchange
20260817,932000,中证2000,CSI 2000,002284,亚太股份,Zhejiang Asia-pacific Mechanical & Electronic Co Ltd,深圳证券交易所,Shenzhen Stock Exchange
20260817,932000,中证2000,CSI 2000,002285,世联行,SHENZHEN WORLDUNION GROUP INCORPORATED,深圳证券交易所,Shenzhen Stock Exchange
20260817,932000,中证2000,CSI 2000,002286,保龄宝,Baolingbao Biology Co Ltd,深圳证券交易所,Shenzhen Stock Exchange
20260817,932000,中证2000,CSI 2000,002293,罗莱生活,"LUOLAI LIFESTYLE TECHNOLOGY CO., LTD.",深圳证券交易所,Shenzhen Stock Exchange
20260817,932000,中证2000,CSI 2000,002296,辉煌科技,Henan Splendor Science & Technology Co Ltd,深圳证券交易所,Shenzhen Stock Exchange
20260817,932000,中证2000,CSI 2000,002297,博云新材,Hunan Boyun New Materials Co Ltd,深圳证券交易所,Shenzhen Stock Exchange
20260817,932000,中证2000,CSI 2000,002298,中电鑫龙,"Anhui ZhongDianXinLong Science and Technology Co., Ltd.",深圳证券交易所,Shenzhen Stock Exchange
20260817,932000,中证2000,CSI 2000,002300,太阳电缆,Fujian Nanping Sun Cable Co Ltd,深圳证券交易所,Shenzhen Stock Exchange
20260817,932000,中证2000,CSI 2000,002301,齐心集团,"SHENZHEN COMIX GROUP CO., LTD.",深圳证券交易所,Shenzhen Stock Exchange
20260817,932000,中证2000,CSI 2000,002303,美盈森,"MYS GROUP CO., LTD.",深圳证券交易所,Shenzhen Stock Exchange
20260817,932000,中证2000,CSI 2000,002314,南山控股,"Shenzhen New Nanshan Holding (Group) Co.,Ltd",深圳证券交易所,Shenzhen Stock Exchange
20260817,932000,中证2000,CSI 2000,002321,华英农业,Henan Huaying Agricultural Development Co Ltd,深圳证券交易所,Shenzhen Stock Exchange
20260817,932000,中证2000,CSI 2000,002322,理工能科,"Ningbo Ligong Environment And Energy Technology Co.,Ltd",深圳证券交易所,Shenzhen Stock Exchange
20260817,932000,中证2000,CSI 2000,002328,新朋股份,Shanghai Xinpeng Industrial Co Ltd,深圳证券交易所,Shenzhen Stock Exchange
20260817,932000,中证2000,CSI 2000,002330,得利斯,Shandong Delisi Food Co Ltd,深圳证券交易所,Shenzhen Stock Exchange
20260817,932000,中证2000,CSI 2000,002331,皖通科技,Anhui Wantong Technology Co Ltd,深圳证券交易所,Shenzhen Stock Exchange
20260817,932000,中证2000,CSI 2000,002333,罗普斯金,"ZYF Lopsking Aluminum Co.,Ltd.",深圳证券交易所,Shenzhen Stock Exchange
20260817,932000,中证2000,CSI 2000,002334,英威腾,Shenzhen INVT Electric Co Ltd,深圳证券交易所,Shenzhen Stock Exchange
20260817,932000,中证2000,CSI 2000,002337,赛象科技,Tianjin Saixiang Technology Co Ltd,深圳证券交易所,Shenzhen Stock Exchange
20260817,932000,中证2000,CSI 2000,002339,积成电子,Integrated Electronic Systems Lab Co Ltd,深圳证券交易所,Shenzhen Stock Exchange
20260817,932000,中证2000,CSI 2000,002342,巨力索具,Juli Sling Co Ltd,深圳证券交易所,Shenzhen Stock Exchange
20260817,932000,中证2000,CSI 2000,002343,慈文传媒,"Ciwen Media Co.,Ltd.",深圳证券交易所,Shenzhen Stock Exchange
20260817,932000,中证2000,CSI 2000,002344,海宁皮城,Haining China Leather Market Co Ltd,深圳证券交易所,Shenzhen Stock Exchange
20260817,932000,中证2000,CSI 2000,002346,柘中股份,"Shanghai Zhezhong Group Co., Ltd",深圳证券交易所,Shenzhen Stock Exchange
20260817,932000,中证2000,CSI 2000,002348,高乐股份,Goldlok Toys Holdings (Guangdong) Co Ltd,深圳证券交易所,Shenzhen Stock Exchange
20260817,932000,中证2000,CSI 2000,002349,精华制药,Nantong Jinghua Pharmaceutical Co Ltd,深圳证券交易所,Shenzhen Stock Exchange
20260817,932000,中证2000,CSI 2000,002350,北京科锐,"Beijing Creative Group Co., Ltd",深圳证券交易所,Shenzhen Stock Exchange
20260817,932000,中证2000,CSI 2000,002357,富临运业,Sichuan Fulin Transportation Group Co Ltd,深圳证券交易所,Shenzhen Stock Exchange
20260817,932000,中证2000,CSI 2000,002358,森源电气,Henan Senyuan Electric Co Ltd,深圳证券交易所,Shenzhen Stock Exchange
20260817,932000,中证2000,CSI 2000,002361,神剑股份,Anhui Shenjian New Materials Co Ltd,深圳证券交易所,Shenzhen Stock Exchange
20260817,932000,中证2000,CSI 2000,002362,汉王科技,Hanwang Technology Co Ltd,深圳证券交易所,Shenzhen Stock Exchange
20260817,932000,中证2000,CSI 2000,002363,隆基机械,Shandong Longji Machinery Co Ltd,深圳证券交易所,Shenzhen Stock Exchange
20260817,932000,中证2000,CSI 2000,002365,永安药业,Qianjiang Yongan Pharmaceutical Co Ltd,深圳证券交易所,Shenzhen Stock Exchange
20260817,932000,中证2000,CSI 2000,002367,康力电梯,Canny Elevator Co Ltd,深圳证券交易所,Shenzhen Stock Exchange
20260817,932000,中证2000,CSI 2000,002369,卓翼科技,Shenzhen Zowee Tech. Co Ltd,深圳证券交易所,Shenzhen Stock Exchange
20260817,932000,中证2000,CSI 2000,002374,中锐股份,"Shandong Chiway Industry Development Co.,Ltd",深圳证券交易所,Shenzhen Stock Exchange
20260817,932000,中证2000,CSI 2000,002375,亚厦股份,Zhejiang Yasha Decoration Co Ltd,深圳证券交易所,Shenzhen Stock Exchange
20260817,932000,中证2000,CSI 2000,002376,新北洋,Shandong New Beiyang Information Technology Co Ltd,深圳证券交易所,Shenzhen Stock Exchange
20260817,932000,中证2000,CSI 2000,002377,国创高新,Hubei Guochuang Hi-tech Material Co Ltd,深圳证券交易所,Shenzhen Stock Exchange
20260817,932000,中证2000,CSI 2000,002380,科远智慧,"Nanjing Sciyon Wisdom Technology Group Co., Ltd.",深圳证券交易所,Shenzhen Stock Exchange
20260817,932000,中证2000,CSI 2000,002386,天原股份,Yibin Tianyuan Group Co Ltd,深圳证券交易所,Shenzhen Stock Exchange
20260817,932000,中证2000,CSI 2000,002390,信邦制药,Guizhou Xinbang Pharmaceutical Co Ltd,深圳证券交易所,Shenzhen Stock Exchange
20260817,932000,中证2000,CSI 2000,002391,长青股份,"Jiangsu Changqing Agrichemical Co., Ltd.",深圳证券交易所,Shenzhen Stock Exchange
20260817,932000,中证2000,CSI 2000,002392,北京利尔,Beijing Lier High-temperature Materials Co Ltd,深圳证券交易所,Shenzhen Stock Exchange
20260817,932000,中证2000,CSI 2000,002393,力生制药,Tianjin Lisheng Pharmaceutical Co Ltd,深圳证券交易所,Shenzhen Stock Exchange
20260817,932000,中证2000,CSI 2000,002394,联发股份,Jiangsu Lianfa Textile Co Ltd,深圳证券交易所,Shenzhen Stock Exchange
20260817,932000,中证2000,CSI 2000,002395,双象股份,Wuxi Double Elephant Micro Fibre Material Co Ltd,深圳证券交易所,Shenzhen Stock Exchange
20260817,932000,中证2000,CSI 2000,002398,垒知集团,"Lets Holdings Group Co.,Ltd.",深圳证券交易所,Shenzhen Stock Exchange
20260817,932000,中证2000,CSI 2000,002401,中远海科,"COSCO SHIPPING Technology Co., Ltd.",深圳证券交易所,Shenzhen Stock Exchange
20260817,932000,中证2000,CSI 2000,002404,嘉欣丝绸,Zhejiang Jiaxin Silk Co Ltd,深圳证券交易所,Shenzhen Stock Exchange
20260817,932000,中证2000,CSI 2000,002406,远东传动,Xuchang Yuandong Drive Shaft Co Ltd,深圳证券交易所,Shenzhen Stock Exchange
20260817,932000,中证2000,CSI 2000,002418,康盛股份,Zhe Jiang Kangsheng Co Ltd,深圳证券交易所,Shenzhen Stock Exchange
20260817,932000,中证2000,CSI 2000,002419,天虹股份,"Rainbow Digital Commercial Co.,Ltd",深圳证券交易所,Shenzhen Stock Exchange
20260817,932000,中证2000,CSI 2000,002420,毅昌科技,Guangzhou Echom Science & Technology Co Ltd,深圳证券交易所,Shenzhen Stock Exchange
20260817,932000,中证2000,CSI 2000,002427,尤夫股份,Zhejiang Unifull Industrial Fiber Co Ltd,深圳证券交易所,Shenzhen Stock Exchange
20260817,932000,中证2000,CSI 2000,002437,誉衡药业,Harbin Gloria Pharmaceuticals Co Ltd,深圳证券交易所,Shenzhen Stock Exchange
20260817,932000,中证2000,CSI 2000,002438,江苏神通,Jiangsu Shentong Valve Co Ltd,深圳证券交易所,Shenzhen Stock Exchange
20260817,932000,中证2000,CSI 2000,002440,闰土股份,Zhejiang Runtu Co Ltd,深圳证券交易所,Shenzhen Stock Exchange
20260817,932000,中证2000,CSI 2000,002441,众业达,Zhongyeda Electric Co Ltd,深圳证券交易所,Shenzhen Stock Exchange
20260817,932000,中证2000,CSI 2000,002443,金洲管道,Zhejiang Kingland Pipeline and Technologies Co Ltd,深圳证券交易所,Shenzhen Stock Exchange
20260817,932000,中证2000,CSI 2000,002445,中南文化,"Zhongnan Red Culture Group Co., Ltd.",深圳证券交易所,Shenzhen Stock Exchange
20260817,932000,中证2000,CSI 2000,002446,盛路通信,Guangdong Shenglu Telecommunication Tech Co Ltd,深圳证券交易所,Shenzhen Stock Exchange
20260817,932000,中证2000,CSI 2000,002448,中原内配,ZYNP Corporation,深圳证券交易所,Shenzhen Stock Exchange
20260817,932000,中证2000,CSI 2000,002449,国星光电,Foshan NationStar Optoelectronics Co Ltd,深圳证券交易所,Shenzhen Stock Exchange
20260817,932000,中证2000,CSI 2000,002451,摩恩电气,Shanghai Morn Electric Equipment Co Ltd,深圳证券交易所,Shenzhen Stock Exchange
20260817,932000,中证2000,CSI 2000,002452,长高电气,"Changgao Electric Group Co.,Ltd",深圳证券交易所,Shenzhen Stock Exchange
20260817,932000,中证2000,CSI 2000,002454,松芝股份,"Songz Automobile Air Conditioning Co.,Ltd.",深圳证券交易所,Shenzhen Stock Exchange
20260817,932000,中证2000,CSI 2000,002455,百川股份,Wuxi Baichuan Chemical Industry Co Ltd,深圳证券交易所,Shenzhen Stock Exchange
20260817,932000,中证2000,CSI 2000,002457,青龙管业,"Qinglong Pipes Industry Group Co., LTD.",深圳证券交易所,Shenzhen Stock Exchange
20260817,932000,中证2000,CSI 2000,002462,嘉事堂,Cachet Pharmaceutical Co Ltd,深圳证券交易所,Shenzhen Stock Exchange
20260817,932000,中证2000,CSI 2000,002467,二六三,Net263 Ltd,深圳证券交易所,Shenzhen Stock Exchange
20260817,932000,中证2000,CSI 2000,002469,三维化学,"SHANDONG SUNWAY CHEMICAL GROUP CO.,LTD",深圳证券交易所,Shenzhen Stock Exchange
20260817,932000,中证2000,CSI 2000,002471,中超控股,"Jiangsu Zhongchao Holding CO.,LTD.",深圳证券交易所,Shenzhen Stock Exchange
20260817,932000,中证2000,CSI 2000,002474,榕基软件,Fujian Rongji Software Co Ltd,深圳证券交易所,Shenzhen Stock Exchange
20260817,932000,中证2000,CSI 2000,002476,新叶股份,"Shandong Newleaf Chemical Co., Ltd.",深圳证券交易所,Shenzhen Stock Exchange
20260817,932000,中证2000,CSI 2000,002478,常宝股份,Jiangsu Changbao Steeltube Co Ltd,深圳证券交易所,Shenzhen Stock Exchange
20260817,932000,中证2000,CSI 2000,002479,富春环保,Zhejiang Fuchunjiang Environmental Thermoelectric Co Ltd,深圳证券交易所,Shenzhen Stock Exchange
20260817,932000,中证2000,CSI 2000,002480,新筑股份,Chengdu Xinzhu Road & Bridge Machinery Co Ltd,深圳证券交易所,Shenzhen Stock Exchange
20260817,932000,中证2000,CSI 2000,002481,双塔食品,Yantai Shuang Ta Food Co Ltd,深圳证券交易所,Shenzhen Stock Exchange
20260817,932000,中证2000,CSI 2000,002483,润邦股份,Jiangsu Rainbow Heavy Industries Co Ltd,深圳证券交易所,Shenzhen Stock Exchange
20260817,932000,中证2000,CSI 2000,002489,浙江永强,Yotrio Group Co Ltd,深圳证券交易所,Shenzhen Stock Exchange
20260817,932000,中证2000,CSI 2000,002491,通鼎互联,"TONGDING INTERCONNECTION INFORMATION CO., LTD.",深圳证券交易所,Shenzhen Stock Exchange
20260817,932000,中证2000,CSI 2000,002510,天汽模,Tianjin Motor Dies Co Ltd,深圳证券交易所,Shenzhen Stock Exchange
20260817,932000,中证2000,CSI 2000,002515,金字火腿,Jinzi Ham Co Ltd,深圳证券交易所,Shenzhen Stock Exchange
20260817,932000,中证2000,CSI 2000,002519,银河电子,Jiangsu Yinhe Electronics Co Ltd,深圳证券交易所,Shenzhen Stock Exchange
20260817,932000,中证2000,CSI 2000,002520,日发精机,"Zhejiang RIFA Precision Machinery Co., Ltd.",深圳证券交易所,Shenzhen Stock Exchange
20260817,932000,中证2000,CSI 2000,002522,浙江众成,Zhejiang Zhongcheng Packing Material Co Ltd,深圳证券交易所,Shenzhen Stock Exchange
20260817,932000,中证2000,CSI 2000,002523,天桥起重,Zhuzhou Tianqiao Crane Co Ltd,深圳证券交易所,Shenzhen Stock Exchange
20260817,932000,中证2000,CSI 2000,002526,山东矿机,Shandong Mining Machinery Group Co Ltd,深圳证券交易所,Shenzhen Stock Exchange
20260817,932000,中证2000,CSI 2000,002527,新时达,Shanghai STEP Electric Co Ltd,深圳证券交易所,Shenzhen Stock Exchange
20260817,932000,中证2000,CSI 2000,002530,金财互联,JC Finance & Tax Interconnect Holdings Ltd.,深圳证券交易所,Shenzhen Stock Exchange
20260817,932000,中证2000,CSI 2000,002533,金杯电工,Goldcup Electric Apparatus Co Ltd,深圳证券交易所,Shenzhen Stock Exchange
20260817,932000,中证2000,CSI 2000,002540,亚太科技,Jiangsu Asia-Pacific Light Alloy Technology Co Ltd,深圳证券交易所,Shenzhen Stock Exchange
20260817,932000,中证2000,CSI 2000,002543,万和电气,Guangdong Vanward New Electric Co Ltd,深圳证券交易所,Shenzhen Stock Exchange
20260817,932000,中证2000,CSI 2000,002546,新联电子,Nanjing Xinlian Electronics Co Ltd,深圳证券交易所,Shenzhen Stock Exchange
20260817,932000,中证2000,CSI 2000,002548,金新农,"Shenzhen Jinxinnong Technology Co.,Ltd.",深圳证券交易所,Shenzhen Stock Exchange
20260817,932000,中证2000,CSI 2000,002551,尚荣医疗,Shenzhen Glory Medical Co Ltd,深圳证券交易所,Shenzhen Stock Exchange
20260817,932000,中证2000,CSI 2000,002552,宝鼎科技,"Baoding Technology Co.,Ltd.",深圳证券交易所,Shenzhen Stock Exchange
20260817,932000,中证2000,CSI 2000,002553,南方精工,"Jiangsu NanFang Precision Co.,Ltd.",深圳证券交易所,Shenzhen Stock Exchange
20260817,932000,中证2000,CSI 2000,002554,惠博普,China Oil Hbp Science & Technology Co Ltd,深圳证券交易所,Shenzhen Stock Exchange
20260817,932000,中证2000,CSI 2000,002556,辉隆股份,Anhui Huilong Agricultural Means of Production Co Ltd,深圳证券交易所,Shenzhen Stock Exchange
20260817,932000,中证2000,CSI 2000,002559,亚威股份,Jiangsu Yawei Machine Tool Co Ltd,深圳证券交易所,Shenzhen Stock Exchange
20260817,932000,中证2000,CSI 2000,002560,通达股份,Henan Tong-Da Cable Co Ltd,深圳证券交易所,Shenzhen Stock Exchange
20260817,932000,中证2000,CSI 2000,002561,徐家汇,Shanghai Xujiahui Commercial Co Ltd,深圳证券交易所,Shenzhen Stock Exchange
20260817,932000,中证2000,CSI 2000,002562,兄弟科技,Brother Enterprises Holding Co Ltd,深圳证券交易所,Shenzhen Stock Exchange
20260817,932000,中证2000,CSI 2000,002564,天沃科技,"SUZHOU THVOW TECHNOLOGY CO., LTD.",深圳证券交易所,Shenzhen Stock Exchange
20260817,932000,中证2000,CSI 2000,002565,顺灏股份,"Shanghai Shunho New Materials Technology Co.,Ltd.",深圳证券交易所,Shenzhen Stock Exchange
20260817,932000,中证2000,CSI 2000,002570,贝因美,"Beingmate Baby & Child Food Co., Ltd.",深圳证券交易所,Shenzhen Stock Exchange
20260817,932000,中证2000,CSI 2000,002574,明牌珠宝,Zhejiang Ming Jewelry Co Ltd,深圳证券交易所,Shenzhen Stock Exchange
20260817,932000,中证2000,CSI 2000,002575,群兴玩具,Guangdong Qunxing Toys Joint-Stock Co Ltd,深圳证券交易所,Shenzhen Stock Exchange
20260817,932000,中证2000,CSI 2000,002576,通达动力,Jiangsu Tongda Power Technology Co Ltd,深圳证券交易所,Shenzhen Stock Exchange
20260817,932000,中证2000,CSI 2000,002577,雷柏科技,Shenzhen Rapoo Technology Co Ltd,深圳证券交易所,Shenzhen Stock Exchange
20260817,932000,中证2000,CSI 2000,002578,闽发铝业,Fujian Minfa Aluminium Co Ltd,深圳证券交易所,Shenzhen Stock Exchange
20260817,932000,中证2000,CSI 2000,002579,中京电子,Huizhou China Eagle Electronic Technology Co Ltd,深圳证券交易所,Shenzhen Stock Exchange
20260817,932000,中证2000,CSI 2000,002580,圣阳股份,Shandong Sacred Sun Power Sources Co Ltd,深圳证券交易所,Shenzhen Stock Exchange
20260817,932000,中证2000,CSI 2000,002584,西陇科学,"XILONG SCIENTIFIC CO.,LTD.",深圳证券交易所,Shenzhen Stock Exchange
20260817,932000,中证2000,CSI 2000,002587,奥拓电子,Shenzhen Aoto Electronics Co Ltd,深圳证券交易所,Shenzhen Stock Exchange
20260817,932000,中证2000,CSI 2000,002589,瑞康医药,"Realcan Pharmaceutical Group Co., Ltd.",深圳证券交易所,Shenzhen Stock Exchange
20260817,932000,中证2000,CSI 2000,002590,万安科技,Zhejiang Vie Science & Technology Co Ltd,深圳证券交易所,Shenzhen Stock Exchange
20260817,932000,中证2000,CSI 2000,002593,日上集团,"XIAMEN SUNRISE GROUP CO., LTD.",深圳证券交易所,Shenzhen Stock Exchange
20260817,932000,中证2000,CSI 2000,002599,盛通股份,Beijing Shengtong Printing Co Ltd,深圳证券交易所,Shenzhen Stock Exchange
20260817,932000,中证2000,CSI 2000,002606,大连电瓷,Dalian Insulator Group Co Ltd,深圳证券交易所,Shenzhen Stock Exchange
20260817,932000,中证2000,CSI 2000,002609,捷顺科技,Shenzhen Jieshun Science And Technology Industry Co Ltd,深圳证券交易所,Shenzhen Stock Exchange
20260817,932000,中证2000,CSI 2000,002612,朗姿股份,Lancy Co Ltd,深圳证券交易所,Shenzhen Stock Exchange
20260817,932000,中证2000,CSI 2000,002613,北玻股份,Luoyang North Glass Technology Co Ltd,深圳证券交易所,Shenzhen Stock Exchange
20260817,932000,中证2000,CSI 2000,002614,奥佳华,Xiamen Comfort Science & Technology Group Co Ltd,深圳证券交易所,Shenzhen Stock Exchange
20260817,932000,中证2000,CSI 2000,002615,哈尔斯,Zhejiang Haers Vacuum Containers Co Ltd,深圳证券交易所,Shenzhen Stock Exchange
20260817,932000,中证2000,CSI 2000,002616,长青集团,Guangdong Chant Group Co Ltd,深圳证券交易所,Shenzhen Stock Exchange
20260817,932000,中证2000,CSI 2000,002627,三峡旅游,"Hubei Three Gorges Tourism Group Co., Ltd.",深圳证券交易所,Shenzhen Stock Exchange
20260817,932000,中证2000,CSI 2000,002628,成都路桥,Chengdu Road & Bridge Engineering Co Ltd,深圳证券交易所,Shenzhen Stock Exchange
20260817,932000,中证2000,CSI 2000,002631,德尔未来,"Der Future Science & Technology Holding Group Co., LTD.",深圳证券交易所,Shenzhen Stock Exchange
20260817,932000,中证2000,CSI 2000,002632,道明光学,"DAOMING OPTICS&CHEMICAL CO., LTD",深圳证券交易所,Shenzhen Stock Exchange
20260817,932000,中证2000,CSI 2000,002637,赞宇科技,Zhejiang Zanyu Technology Co Ltd,深圳证券交易所,Shenzhen Stock Exchange
20260817,932000,中证2000,CSI 2000,002638,勤上股份,Dongguan Kingsun Optoelectronic Co Ltd,深圳证券交易所,Shenzhen Stock Exchange
20260817,932000,中证2000,CSI 2000,002640,跨境通,"Global Top E-Commerce Co.,Ltd.",深圳证券交易所,Shenzhen Stock Exchange
20260817,932000,中证2000,CSI 2000,002641,公元股份,"ERA CO.,LTD.",深圳证券交易所,Shenzhen Stock Exchange
20260817,932000,中证2000,CSI 2000,002642,荣联科技,Ronglian Group Ltd.,深圳证券交易所,Shenzhen Stock Exchange
20260817,932000,中证2000,CSI 2000,002644,佛慈制药,"Lanzhou Foci Pharmaceutical Co., Ltd.",深圳证券交易所,Shenzhen Stock Exchange
20260817,932000,中证2000,CSI 2000,002645,华宏科技,Jiangsu Huahong Technology Stock Co Ltd,深圳证券交易所,Shenzhen Stock Exchange
20260817,932000,中证2000,CSI 2000,002646,天佑德酒,"Qinghai Huzhu TianYouDe Highland Barley Spirit Co., Ltd.",深圳证券交易所,Shenzhen Stock Exchange
20260817,932000,中证2000,CSI 2000,002649,博彦科技,BEYONDSOFT CORPORATION,深圳证券交易所,Shenzhen Stock Exchange
20260817,932000,中证2000,CSI 2000,002655,共达电声,"Shandong Gettop Acoustic Co.,Ltd.",深圳证券交易所,Shenzhen Stock Exchange
20260817,932000,中证2000,CSI 2000,002658,雪迪龙,"Beijing SDL Technology Co.,Ltd.",深圳证券交易所,Shenzhen Stock Exchange
20260817,932000,中证2000,CSI 2000,002659,凯文教育,"Beijing Kaiwen Education Technology Co., Ltd",深圳证券交易所,Shenzhen Stock Exchange
20260817,932000,中证2000,CSI 2000,002660,茂硕电源,"Moso Power Supply Technology Co., Ltd",深圳证券交易所,Shenzhen Stock Exchange
20260817,932000,中证2000,CSI 2000,002662,峰璟股份,"Fengjing New Energy Technology Co.,Ltd.",深圳证券交易所,Shenzhen Stock Exchange
20260817,932000,中证2000,CSI 2000,002663,普邦股份,"PUBANG LANDSCAPE ARCHITECTURE CO.,LTD",深圳证券交易所,Shenzhen Stock Exchange
20260817,932000,中证2000,CSI 2000,002664,信质集团,"Xinzhi Group Co., Ltd",深圳证券交易所,Shenzhen Stock Exchange
20260817,932000,中证2000,CSI 2000,002666,德联集团,"Guangdong Delian Group Co., Ltd.",深圳证券交易所,Shenzhen Stock Exchange
20260817,932000,中证2000,CSI 2000,002669,康达新材,"Shanghai Kangda New Materials Group Co., Ltd",深圳证券交易所,Shenzhen Stock Exchange
20260817,932000,中证2000,CSI 2000,002671,龙泉股份,"Shandong Longquan Pipe Industry Co.,Ltd",深圳证券交易所,Shenzhen Stock Exchange
20260817,932000,中证2000,CSI 2000,002674,兴业科技,"XINGYE LEATHER TECHNOLOGY CO., LTD.",深圳证券交易所,Shenzhen Stock Exchange
20260817,932000,中证2000,CSI 2000,002676,顺威股份,"GUANGDONG SUNWILL PRECISING PLASTIC CO.,LTD.",深圳证券交易所,Shenzhen Stock Exchange
20260817,932000,中证2000,CSI 2000,002677,浙江美大,"Zhejiang Meida Industrial Co., Ltd.",深圳证券交易所,Shenzhen Stock Exchange
20260817,932000,中证2000,CSI 2000,002682,龙洲股份,"LONGZHOU GROUP CO., LTD.",深圳证券交易所,Shenzhen Stock Exchange
20260817,932000,中证2000,CSI 2000,002685,华东重机,"Wuxi Huadong Heavy Machinery Co., Ltd.",深圳证券交易所,Shenzhen Stock Exchange
20260817,932000,中证2000,CSI 2000,002686,亿利达,"ZHEJIANG YILIDA VENTILATOR CO., LTD.",深圳证券交易所,Shenzhen Stock Exchange
20260817,932000,中证2000,CSI 2000,002688,金河生物,"Jinhe Biotechnology Co., Ltd",深圳证券交易所,Shenzhen Stock Exchange
20260817,932000,中证2000,CSI 2000,002692,远程股份,"Yuan Cheng Cable Co.,Ltd.",深圳证券交易所,Shenzhen Stock Exchange
20260817,932000,中证2000,CSI 2000,002695,煌上煌,"Jiangxi Huangshanghuang Group Food Co., Ltd.",深圳证券交易所,Shenzhen Stock Exchange
20260817,932000,中证2000,CSI 2000,002697,红旗连锁,"Chengdu Hongqi Chain Co., Ltd.",深圳证券交易所,Shenzhen Stock Exchange
20260817,932000,中证2000,CSI 2000,002703,浙江世宝,ZHEJIANG SHIBAO COMPANY LIMITED,深圳证券交易所,Shenzhen Stock Exchange
20260817,932000,中证2000,CSI 2000,002707,众信旅游,"UTour Group Co., Ltd.",深圳证券交易所,Shenzhen Stock Exchange
20260817,932000,中证2000,CSI 2000,002708,光洋股份,CHANGZHOU NRB CORPORATION,深圳证券交易所,Shenzhen Stock Exchange
20260817,932000,中证2000,CSI 2000,002718,友邦吊顶,"ZHEJIANG YOUPON INTEGRATED CEILING CO., LTD.",深圳证券交易所,Shenzhen Stock Exchange
20260817,932000,中证2000,CSI 2000,002722,物产金轮,"WUCHAN ZHONGDA GERON CO.,LTD.",深圳证券交易所,Shenzhen Stock Exchange
20260817,932000,中证2000,CSI 2000,002724,海洋王,"Ocean's King Lighting Science & Technology Co., Ltd.",深圳证券交易所,Shenzhen Stock Exchange
20260817,932000,中证2000,CSI 2000,002725,跃岭股份,"Zhejiang Yueling Co., Ltd.",深圳证券交易所,Shenzhen Stock Exchange
20260817,932000,中证2000,CSI 2000,002728,特一药业,"TEYI PHARMACEUTICAL GROUP CO.,LTD",深圳证券交易所,Shenzhen Stock Exchange
20260817,932000,中证2000,CSI 2000,002730,电光科技,"Dianguang Explosion-proof Technology Co., Ltd.",深圳证券交易所,Shenzhen Stock Exchange
20260817,932000,中证2000,CSI 2000,002733,雄韬股份,"SHENZHEN CENTER POWER TECH.CO., LTD.",深圳证券交易所,Shenzhen Stock Exchange
20260817,932000,中证2000,CSI 2000,002734,利民股份,"Limin Chemical Co., Ltd.",深圳证券交易所,Shenzhen Stock Exchange
20260817,932000,中证2000,CSI 2000,002735,王子新材,"Shenzhen Prince New Materials Co., Ltd.",深圳证券交易所,Shenzhen Stock Exchange
20260817,932000,中证2000,CSI 2000,002741,光华科技,"Guangdong Guanghua Sci-Tech Co., Ltd.",深圳证券交易所,Shenzhen Stock Exchange
20260817,932000,中证2000,CSI 2000,002746,仙坛股份,"SHANDONG XIANTAN GROUP CO., LTD.",深圳证券交易所,Shenzhen Stock Exchange
20260817,932000,中证2000,CSI 2000,002752,昇兴股份,Sunrise Group Company Limited,深圳证券交易所,Shenzhen Stock Exchange
20260817,932000,中证2000,CSI 2000,002757,南兴股份,"Nanxing Machinery Co., Ltd.",深圳证券交易所,Shenzhen Stock Exchange
20260817,932000,中证2000,CSI 2000,002758,浙农股份,"ZJAMP Group Co., Ltd.",深圳证券交易所,Shenzhen Stock Exchange
20260817,932000,中证2000,CSI 2000,002765,蓝黛科技,"Landai Technology Group Corp., Ltd.",深圳证券交易所,Shenzhen Stock Exchange
20260817,932000,中证2000,CSI 2000,002766,索菱股份,"Shenzhen Soling Industrial Co., Ltd.",深圳证券交易所,Shenzhen Stock Exchange
20260817,932000,中证2000,CSI 2000,002769,普路通,"Guangdong Prolto Supply Chain Management Co., Ltd.",深圳证券交易所,Shenzhen Stock Exchange
20260817,932000,中证2000,CSI 2000,002771,真视通,Beijing Transtrue Technology Inc.,深圳证券交易所,Shenzhen Stock Exchange
20260817,932000,中证2000,CSI 2000,002772,众兴菌业,"Tianshui Zhongxing Bio-technology Co., Ltd.",深圳证券交易所,Shenzhen Stock Exchange
20260817,932000,中证2000,CSI 2000,002774,快意电梯,"IFE Elevators Co.,LTD.",深圳证券交易所,Shenzhen Stock Exchange
20260817,932000,中证2000,CSI 2000,002777,久远银海,"Sichuan Jiuyuan Yinhai Software Co.,Ltd",深圳证券交易所,Shenzhen Stock Exchange
20260817,932000,中证2000,CSI 2000,002782,可立克,"SHENZHEN CLICK TECHNOLOGY CO., LTD.",深圳证券交易所,Shenzhen Stock Exchange
20260817,932000,中证2000,CSI 2000,002783,凯龙股份,"HUBEI KAILONG CHEMICAL GROUP CO.,LTD",深圳证券交易所,Shenzhen Stock Exchange
20260817,932000,中证2000,CSI 2000,002785,万里石,"XIAMEN WANLI STONE STOCK CO.,LTD",深圳证券交易所,Shenzhen Stock Exchange
20260817,932000,中证2000,CSI 2000,002786,银宝山新,"SHENZHEN SILVER BASIS TECHNOLOGY CO., LTD",深圳证券交易所,Shenzhen Stock Exchange
20260817,932000,中证2000,CSI 2000,002787,华源控股,"Suzhou Hycan Holdings Co., Ltd.",深圳证券交易所,Shenzhen Stock Exchange
20260817,932000,中证2000,CSI 2000,002788,鹭燕医药,"LUYAN PHARMA CO.,LTD",深圳证券交易所,Shenzhen Stock Exchange
20260817,932000,中证2000,CSI 2000,002793,罗欣药业,"Luoxin Pharmaceuticals Group Stock Co., Ltd.",深圳证券交易所,Shenzhen Stock Exchange
20260817,932000,中证2000,CSI 2000,002796,世嘉科技,Suzhou Shijia Science & Technology Inc.,深圳证券交易所,Shenzhen Stock Exchange
20260817,932000,中证2000,CSI 2000,002801,微光股份,"HANGZHOU WEIGUANG ELECTRONIC CO., LTD.",深圳证券交易所,Shenzhen Stock Exchange
20260817,932000,中证2000,CSI 2000,002803,吉宏股份,Xiamen Jihong Package Technology Ltd.,深圳证券交易所,Shenzhen Stock Exchange
20260817,932000,中证2000,CSI 2000,002805,丰元股份,"SHANDONG FENGYUAN CHEMICAL CO.,LTD.",深圳证券交易所,Shenzhen Stock Exchange
20260817,932000,中证2000,CSI 2000,002810,山东赫达,"SHANDONG HEAD CO.,LTD.",深圳证券交易所,Shenzhen Stock Exchange
20260817,932000,中证2000,CSI 2000,002811,郑中设计,"Shenzhen Cheng Chung Design Co.,Ltd.",深圳证券交易所,Shenzhen Stock Exchange
20260817,932000,中证2000,CSI 2000,002813,路畅科技,"SHENZHEN ROADROVER TECHNOLOGY CO., LTD.",深圳证券交易所,Shenzhen Stock Exchange
20260817,932000,中证2000,CSI 2000,002819,东方中科,"BEIJING ORIENTAL JICHENG CO., LTD.",深圳证券交易所,Shenzhen Stock Exchange
20260817,932000,中证2000,CSI 2000,002823,凯中精密,"Shenzhen Kaizhong Precision Technology Co.,Ltd.",深圳证券交易所,Shenzhen Stock Exchange
20260817,932000,中证2000,CSI 2000,002824,和胜股份,"GUANGDONG HOSHION INDUSTRIAL ALUMINIUM CO., LTD.",深圳证券交易所,Shenzhen Stock Exchange
20260817,932000,中证2000,CSI 2000,002825,纳尔股份,"SHANGHAI NAR INDUSTRIAL CO., LTD.",深圳证券交易所,Shenzhen Stock Exchange
20260817,932000,中证2000,CSI 2000,002826,易明医药,TIBET AIM PHARM. INC.,深圳证券交易所,Shenzhen Stock Exchange
20260817,932000,中证2000,CSI 2000,002829,星网宇达,"BeiJing StarNeto Technology Co.,Ltd.",深圳证券交易所,Shenzhen Stock Exchange
20260817,932000,中证2000,CSI 2000,002833,弘亚数控,"GUANGHZHOU KDT MACHINERY GROUP CO.,LTD.",深圳证券交易所,Shenzhen Stock Exchange
20260817,932000,中证2000,CSI 2000,002835,同为股份,"SHENZHEN TVT DIGITAL TECHNOLOGY CO., LTD.",深圳证券交易所,Shenzhen Stock Exchange
20260817,932000,中证2000,CSI 2000,002842,翔鹭钨业,"Guangdong Xianglu Tungsten Co., Ltd.",深圳证券交易所,Shenzhen Stock Exchange
20260817,932000,中证2000,CSI 2000,002843,泰嘉股份,"Bichamp Cutting Technology (Hunan) Co.,Ltd.",深圳证券交易所,Shenzhen Stock Exchange
20260817,932000,中证2000,CSI 2000,002845,同兴达,"Shenzhen TXD Technology Co., Ltd.",深圳证券交易所,Shenzhen Stock Exchange
20260817,932000,中证2000,CSI 2000,002846,英联股份,"Guangdong Enpack Packaging Co.,Ltd.",深圳证券交易所,Shenzhen Stock Exchange
20260817,932000,中证2000,CSI 2000,002849,威星智能,"Zhejiang Viewshine Intelligent Meter Co.,Ltd",深圳证券交易所,Shenzhen Stock Exchange
20260817,932000,中证2000,CSI 2000,002852,道道全,"Daodaoquan Grain and Oil Co.,Ltd.",深圳证券交易所,Shenzhen Stock Exchange
20260817,932000,中证2000,CSI 2000,002860,星帅尔,"Hangzhou Star Shuaier Electric Appliance Co., Ltd.",深圳证券交易所,Shenzhen Stock Exchange
20260817,932000,中证2000,CSI 2000,002862,实丰文化,"Shifeng Cultural Development Co., Ltd.",深圳证券交易所,Shenzhen Stock Exchange
20260817,932000,中证2000,CSI 2000,002863,今飞凯达,"ZHEJIANG JINFEI KAIDA WHEEL CO., LTD.",深圳证券交易所,Shenzhen Stock Exchange
20260817,932000,中证2000,CSI 2000,002864,盘龙药业,SHAANXI PANLONG PHARMACEUTICAL GROUP LIMITED BY SHARE LTD,深圳证券交易所,Shenzhen Stock Exchange
20260817,932000,中证2000,CSI 2000,002866,传艺科技,"Jiangsu Transimage Technology Co., Ltd.",深圳证券交易所,Shenzhen Stock Exchange
20260817,932000,中证2000,CSI 2000,002869,金溢科技,"Shenzhen Genvict Technologies Co., Ltd.",深圳证券交易所,Shenzhen Stock Exchange
20260817,932000,中证2000,CSI 2000,002870,香山股份,Guangdong Senssun Weighing Apparatus Group Ltd.,深圳证券交易所,Shenzhen Stock Exchange
20260817,932000,中证2000,CSI 2000,002871,伟隆股份,"QINGDAO WEFLO VALVE CO., LTD.",深圳证券交易所,Shenzhen Stock Exchange
20260817,932000,中证2000,CSI 2000,002875,安奈儿,"Annil Co.,Ltd",深圳证券交易所,Shenzhen Stock Exchange
20260817,932000,中证2000,CSI 2000,002876,三利谱,"Shenzhen Sunnypol Optoelectronics Co.,Ltd.",深圳证券交易所,Shenzhen Stock Exchange
20260817,932000,中证2000,CSI 2000,002877,智能自控,"Wuxi Smart Auto-control Engineering Co.,Ltd.",深圳证券交易所,Shenzhen Stock Exchange
20260817,932000,中证2000,CSI 2000,002878,元隆雅图,"Beijing Yuanlong Yato Culture Dissemination Co.,Ltd.",深圳证券交易所,Shenzhen Stock Exchange
20260817,932000,中证2000,CSI 2000,002879,长缆科技,"CHANG LAN TECHNOLOGY GROUP CO.,LTD.",深圳证券交易所,Shenzhen Stock Exchange
20260817,932000,中证2000,CSI 2000,002884,凌霄泵业,"Guangdong LingXiao Pump Industry Co., Ltd.",深圳证券交易所,Shenzhen Stock Exchange
20260817,932000,中证2000,CSI 2000,002885,京泉华,"Shenzhen JingQuanHua Electronics Co.,Ltd.",深圳证券交易所,Shenzhen Stock Exchange
20260817,932000,中证2000,CSI 2000,002886,沃特股份,"Shenzhen WOTE Advanced Materials Co., Ltd.",深圳证券交易所,Shenzhen Stock Exchange
20260817,932000,中证2000,CSI 2000,002889,东方嘉盛,"SHENZHEN EASTTOP SUPPLY CHAIN MANAGEMENT CO., LTD.",深圳证券交易所,Shenzhen Stock Exchange
20260817,932000,中证2000,CSI 2000,002893,京能热力,"Beijing Jingneng Thermal Co., Ltd.",深圳证券交易所,Shenzhen Stock Exchange
20260817,932000,中证2000,CSI 2000,002899,英派斯,"IMPULSE (QINGDAO) HEALTH TECH CO.,LTD.",深圳证券交易所,Shenzhen Stock Exchange
20260817,932000,中证2000,CSI 2000,002900,哈三联,"HARBIN MEDISAN PHARMACEUTICAL CO., LTD.",深圳证券交易所,Shenzhen Stock Exchange
20260817,932000,中证2000,CSI 2000,002902,铭普光磁,"Dongguan Mentech Optical & Magnetic Co., Ltd.",深圳证券交易所,Shenzhen Stock Exchange
20260817,932000,中证2000,CSI 2000,002903,宇环数控,"YUHUAN CNC MACHINE TOOL CO.,Ltd.",深圳证券交易所,Shenzhen Stock Exchange
20260817,932000,中证2000,CSI 2000,002905,金逸影视,Guangzhou Jinyi Media Corporation,深圳证券交易所,Shenzhen Stock Exchange
20260817,932000,中证2000,CSI 2000,002907,华森制药,"Chongqing Pharscin Pharmaceutical Co., Ltd",深圳证券交易所,Shenzhen Stock Exchange
20260817,932000,中证2000,CSI 2000,002908,德生科技,"GUANGDONG TECSUN SCIENCE & TECHNOLOGY CO.,LTD.",深圳证券交易所,Shenzhen Stock Exchange
20260817,932000,中证2000,CSI 2000,002912,中新赛克,"Shenzhen Sinovatio Technology Co., Ltd.",深圳证券交易所,Shenzhen Stock Exchange
20260817,932000,中证2000,CSI 2000,002915,中欣氟材,"ZHEJIANG ZHONGXIN FLUORIDE MATERIALS CO., LTD",深圳证券交易所,Shenzhen Stock Exchange
20260817,932000,中证2000,CSI 2000,002917,金奥博,SHENZHEN KING EXPLORER SCIENCE AND TECHNOLOGY CORPORATION,深圳证券交易所,Shenzhen Stock Exchange
20260817,932000,中证2000,CSI 2000,002918,蒙娜丽莎,"Monalisa Group CO.,Ltd",深圳证券交易所,Shenzhen Stock Exchange
20260817,932000,中证2000,CSI 2000,002919,名臣健康,"Mingchen Health Co.,Ltd.",深圳证券交易所,Shenzhen Stock Exchange
20260817,932000,中证2000,CSI 2000,002923,润都股份,"Zhuhai Rundu Pharmaceutical Co., Ltd",深圳证券交易所,Shenzhen Stock Exchange
20260817,932000,中证2000,CSI 2000,002927,泰永长征,"GUIZHOU TAIYONG-CHANGZHENG TECHNOLOGY CO.,LTD.",深圳证券交易所,Shenzhen Stock Exchange
20260817,932000,中证2000,CSI 2000,002930,宏川智慧,"Guangdong Great River Smarter Logistics Co., Ltd.",深圳证券交易所,Shenzhen Stock Exchange
20260817,932000,中证2000,CSI 2000,002931,锋龙股份,"Zhejiang Fenglong Electric Co., Ltd.",深圳证券交易所,Shenzhen Stock Exchange
20260817,932000,中证2000,CSI 2000,002933,新兴装备,"BEIJING EMERGING EASTERN AVIATION EQUIPMENT CO., LTD",深圳证券交易所,Shenzhen Stock Exchange
20260817,932000,中证2000,CSI 2000,002935,天奥电子,"CHENGDU SPACEON ELECTRONICS CO., LTD.",深圳证券交易所,Shenzhen Stock Exchange
20260817,932000,中证2000,CSI 2000,002937,兴瑞科技,"Ningbo Sunrise Elc Technology Co.,Ltd.",深圳证券交易所,Shenzhen Stock Exchange
20260817,932000,中证2000,CSI 2000,002940,昂利康,"ZHEJIANG ANGLIKANG PHARMACEUTICAL CO.,LTD.",深圳证券交易所,Shenzhen Stock Exchange
20260817,932000,中证2000,CSI 2000,002943,宇晶股份,"Hunan Yujin Machinery Co.,Ltd.",深圳证券交易所,Shenzhen Stock Exchange
20260817,932000,中证2000,CSI 2000,002950,奥美医疗,"Allmed Medical Products Co., Ltd",深圳证券交易所,Shenzhen Stock Exchange
20260817,932000,中证2000,CSI 2000,002952,亚世光电,"Yes Optoelectronics (Group) Co., Ltd.",深圳证券交易所,Shenzhen Stock Exchange
20260817,932000,中证2000,CSI 2000,002953,日丰股份,"Guangdong Rifeng Electric Cable Co., Ltd.",深圳证券交易所,Shenzhen Stock Exchange
20260817,932000,中证2000,CSI 2000,002955,鸿合科技,"Hitevision Co., Ltd.",深圳证券交易所,Shenzhen Stock Exchange
20260817,932000,中证2000,CSI 2000,002956,西麦食品,"GUILIN SEAMILD FOODS CO., LTD",深圳证券交易所,Shenzhen Stock Exchange
20260817,932000,中证2000,CSI 2000,002957,科瑞技术,"Shenzhen Colibri Technologies Co., Ltd.",深圳证券交易所,Shenzhen Stock Exchange
20260817,932000,中证2000,CSI 2000,002959,小熊电器,"BEAR ELECTRIC APPLIANCE CO.,LTD.",深圳证券交易所,Shenzhen Stock Exchange
20260817,932000,中证2000,CSI 2000,002962,五方光电,"HUBEI W-OLF PHOTOELECTRIC TECHNOLOGY CO., LTD.",深圳证券交易所,Shenzhen Stock Exchange
20260817,932000,中证2000,CSI 2000,002969,嘉美包装,"Jiamei Food Packaging (Chuzhou) Co.,Ltd.",深圳证券交易所,Shenzhen Stock Exchange
20260817,932000,中证2000,CSI 2000,002970,锐明技术,"Streamax Technology Co., Ltd.",深圳证券交易所,Shenzhen Stock Exchange
20260817,932000,中证2000,CSI 2000,002971,和远气体,"Hubei Heyuan Gas Co.,Ltd.",深圳证券交易所,Shenzhen Stock Exchange
20260817,932000,中证2000,CSI 2000,002973,侨银股份,"QiaoYin City Management Co., Ltd.",深圳证券交易所,Shenzhen Stock Exchange
20260817,932000,中证2000,CSI 2000,002975,博杰股份,"Zhuhai Bojay Electronics Co.,Ltd.",深圳证券交易所,Shenzhen Stock Exchange
20260817,932000,中证2000,CSI 2000,002976,瑞玛精密,"Suzhou Cheersson Precision Industry Group Co., Ltd.",深圳证券交易所,Shenzhen Stock Exchange
20260817,932000,中证2000,CSI 2000,002980,华盛昌,"Shenzhen Everbest Machinery Industry Co.,Ltd.",深圳证券交易所,Shenzhen Stock Exchange
20260817,932000,中证2000,CSI 2000,002981,朝阳科技,RISUNTEK INC.,深圳证券交易所,Shenzhen Stock Exchange
20260817,932000,中证2000,CSI 2000,002982,湘佳股份,Hunan Xiangjia Animal Husbandry Company Limited,深圳证券交易所,Shenzhen Stock Exchange
20260817,932000,中证2000,CSI 2000,002983,芯瑞达,"Anhui Coreach Technology Co.,Ltd",深圳证券交易所,Shenzhen Stock Exchange
20260817,932000,中证2000,CSI 2000,002986,宇新股份,"Guangdong Yussen Energy Technology Co., Ltd.",深圳证券交易所,Shenzhen Stock Exchange
20260817,932000,中证2000,CSI 2000,002988,豪美新材,"Guangdong Haomei New Materials Co., Ltd.",深圳证券交易所,Shenzhen Stock Exchange
20260817,932000,中证2000,CSI 2000,002989,中天精装,"SHENZHEN STRONGTEAM DECORATION ENGINEERING CO., LTD.",深圳证券交易所,Shenzhen Stock Exchange
20260817,932000,中证2000,CSI 2000,002990,盛视科技,MAXVISION TECHNOLOGY CORP.,深圳证券交易所,Shenzhen Stock Exchange
20260817,932000,中证2000,CSI 2000,002991,甘源食品,"GANYUAN FOODS CO.,LTD.",深圳证券交易所,Shenzhen Stock Exchange
20260817,932000,中证2000,CSI 2000,002995,天地在线,"Beijing Quanshi World Online Network Information Co., Ltd.",深圳证券交易所,Shenzhen Stock Exchange
20260817,932000,中证2000,CSI 2000,002996,顺博合金,"CHONGQING SHUNBO ALUMINUM CO.,LTD.",深圳证券交易所,Shenzhen Stock Exchange
20260817,932000,中证2000,CSI 2000,002997,瑞鹄模具,"RAYHOO MOTOR DIES CO., LTD.",深圳证券交易所,Shenzhen Stock Exchange
20260817,932000,中证2000,CSI 2000,003000,劲仔食品,"JINZAI FOOD GROUP CO.,LTD.",深圳证券交易所,Shenzhen Stock Exchange
20260817,932000,中证2000,CSI 2000,003001,中岩大地,"Zhongyan Technology Co., Ltd.",深圳证券交易所,Shenzhen Stock Exchange
20260817,932000,中证2000,CSI 2000,003002,壶化股份,"Shanxi Huhua Group Co., Ltd.",深圳证券交易所,Shenzhen Stock Exchange
20260817,932000,中证2000,CSI 2000,003005,竞业达,"BEIJING JINGYEDA TECHNOLOGY CO.,LTD.",深圳证券交易所,Shenzhen Stock Exchange
20260817,932000,中证2000,CSI 2000,003007,直真科技,"Beijing ZZNode Technologies Co., Ltd.",深圳证券交易所,Shenzhen Stock Exchange
20260817,932000,中证2000,CSI 2000,003009,中天火箭,"Shaanxi Zhongtian Rocket Technology Co., Ltd",深圳证券交易所,Shenzhen Stock Exchange
20260817,932000,中证2000,CSI 2000,003012,东鹏控股,"Guangdong Dongpeng Holdings Co., Ltd.",深圳证券交易所,Shenzhen Stock Exchange
20260817,932000,中证2000,CSI 2000,003015,日久光电,"Jiangsu Rijiu Optoelectronics Jointstock Co., Ltd.",深圳证券交易所,Shenzhen Stock Exchange
20260817,932000,中证2000,CSI 2000,003016,欣贺股份,"XIN HEE CO.,LTD.",深圳证券交易所,Shenzhen Stock Exchange
20260817,932000,中证2000,CSI 2000,003018,金富科技,"JinFu Technology Co., Ltd.",深圳证券交易所,Shenzhen Stock Exchange
20260817,932000,中证2000,CSI 2000,003019,宸展光电,"TES Touch Embedded Solutions (Xiamen) Co., Ltd.",深圳证券交易所,Shenzhen Stock Exchange
20260817,932000,中证2000,CSI 2000,003020,立方制药,"Hefei Lifeon Pharmaceutical Co., Ltd.",深圳证券交易所,Shenzhen Stock Exchange
20260817,932000,中证2000,CSI 2000,003025,思进智能,"Sijin Intelligent Forming Machinery Co., Ltd.",深圳证券交易所,Shenzhen Stock Exchange
20260817,932000,中证2000,CSI 2000,003026,中晶科技,"Zhejiang MTCN Technology Co.,Ltd.",深圳证券交易所,Shenzhen Stock Exchange
20260817,932000,中证2000,CSI 2000,003029,吉大正元,"Jilin University Zhengyuan Information Technologies Co.,Ltd.",深圳证券交易所,Shenzhen Stock Exchange
20260817,932000,中证2000,CSI 2000,003033,征和工业,"Qingdao CHOHO Industrial Co., Ltd.",深圳证券交易所,Shenzhen Stock Exchange
20260817,932000,中证2000,CSI 2000,003036,泰坦股份,"Zhejiang Taitan Co.,Ltd.",深圳证券交易所,Shenzhen Stock Exchange
20260817,932000,中证2000,CSI 2000,003037,三和管桩,"GUANGDONG SANHE PILE CO., LTD.",深圳证券交易所,Shenzhen Stock Exchange
20260817,932000,中证2000,CSI 2000,003038,鑫铂股份,"Anhui Xinbo Aluminum Co., Ltd.",深圳证券交易所,Shenzhen Stock Exchange
20260817,932000,中证2000,CSI 2000,003040,楚天龙,"Chutian Dragon Co., Ltd.",深圳证券交易所,Shenzhen Stock Exchange
20260817,932000,中证2000,CSI 2000,003041,真爱美家,"Zhejiang Truelove Vogue Co., Ltd.",深圳证券交易所,Shenzhen Stock Exchange
20260817,932000,中证2000,CSI 2000,003043,华亚智能,"Suzhou Huaya Intelligence Technology Co., Ltd.",深圳证券交易所,Shenzhen Stock Exchange
20260817,932000,中证2000,CSI 2000,600020,中原高速,Henan Zhongyuan Expressway Co Ltd,上海证券交易所,Shanghai Stock Exchange
20260817,932000,中证2000,CSI 2000,600052,东望时代,"Zhejiang Dongwang Times Technology Co., Ltd.",上海证券交易所,Shanghai Stock Exchange
20260817,932000,中证2000,CSI 2000,600054,黄山旅游,Huangshan Tourism Development Co Ltd,上海证券交易所,Shanghai Stock Exchange
20260817,932000,中证2000,CSI 2000,600067,冠城新材,"CITYCHAMP DARTONG ADVANCED MATERIALS CO.,LTD.",上海证券交易所,Shanghai Stock Exchange
20260817,932000,中证2000,CSI 2000,600071,凤凰光学,Phoenix Optical Co Ltd,上海证券交易所,Shanghai Stock Exchange
20260817,932000,中证2000,CSI 2000,600073,光明肉业,"SHANGHAI BRIGHT MEAT GROUP CO.,LTD.",上海证券交易所,Shanghai Stock Exchange
20260817,932000,中证2000,CSI 2000,600081,东风科技,Dongfeng Electronic Technology Co Ltd,上海证券交易所,Shanghai Stock Exchange
20260817,932000,中证2000,CSI 2000,600088,中视传媒,China Television Media Ltd,上海证券交易所,Shanghai Stock Exchange
20260817,932000,中证2000,CSI 2000,600101,明星电力,Sichuan Mingxing Electric Power Co Ltd,上海证券交易所,Shanghai Stock Exchange
20260817,932000,中证2000,CSI 2000,600103,青山纸业,Fujian Qingshan Paper Industry Co Ltd,上海证券交易所,Shanghai Stock Exchange
20260817,932000,中证2000,CSI 2000,600106,重庆路桥,Chongqing Road & Bridge Co Ltd,上海证券交易所,Shanghai Stock Exchange
20260817,932000,中证2000,CSI 2000,600108,亚盛集团,Gansu Yasheng Industrial (Group) Co Ltd,上海证券交易所,Shanghai Stock Exchange
20260817,932000,中证2000,CSI 2000,600121,郑州煤电,Zhengzhou Coal Industry & Electric Power Co Ltd,上海证券交易所,Shanghai Stock Exchange
20260817,932000,中证2000,CSI 2000,600125,铁龙物流,China Railway Tielong Container Logistics Co Ltd,上海证券交易所,Shanghai Stock Exchange
20260817,932000,中证2000,CSI 2000,600127,金健米业,"Jinjian Cereals Industry Co.,Ltd.",上海证券交易所,Shanghai Stock Exchange
20260817,932000,中证2000,CSI 2000,600135,乐凯胶片,Lucky Film Co Ltd,上海证券交易所,Shanghai Stock Exchange
20260817,932000,中证2000,CSI 2000,600138,中青旅,China CYTS Tours Holding Co Ltd,上海证券交易所,Shanghai Stock Exchange
20260817,932000,中证2000,CSI 2000,600152,维科技术,"Veken Technology Co.,Ltd.",上海证券交易所,Shanghai Stock Exchange
20260817,932000,中证2000,CSI 2000,600162,香江控股,"Shenzhen Heungkong Holding Co.,Ltd",上海证券交易所,Shanghai Stock Exchange
20260817,932000,中证2000,CSI 2000,600168,武汉控股,Wuhan Sanzhen Industry Holding Co Ltd,上海证券交易所,Shanghai Stock Exchange
20260817,932000,中证2000,CSI 2000,600173,卧龙新能,"Wolong New Energy Group Co., Ltd.",上海证券交易所,Shanghai Stock Exchange
20260817,932000,中证2000,CSI 2000,600178,东安动力,Harbin Dongan Auto Engine Co Ltd,上海证券交易所,Shanghai Stock Exchange
20260817,932000,中证2000,CSI 2000,600189,泉阳泉,"JILIN QUANYANGQUAN Co.,Ltd",上海证券交易所,Shanghai Stock Exchange
20260817,932000,中证2000,CSI 2000,600191,华资实业,Baotou Huazi Industry Co Ltd,上海证券交易所,Shanghai Stock Exchange
20260817,932000,中证2000,CSI 2000,600195,中牧股份,China Animal Husbandry Industry Co Ltd,上海证券交易所,Shanghai Stock Exchange
20260817,932000,中证2000,CSI 2000,600197,伊力特,Xinjiang Yilite Industry Co Ltd,上海证券交易所,Shanghai Stock Exchange
20260817,932000,中证2000,CSI 2000,600203,福日电子,Fujian Furi Electronics Co Ltd,上海证券交易所,Shanghai Stock Exchange
20260817,932000,中证2000,CSI 2000,600207,安彩高科,Henan Ancai Hi-Tech Co Ltd,上海证券交易所,Shanghai Stock Exchange
20260817,932000,中证2000,CSI 2000,600212,绿能慧充,"Gresgying Digital Energy Technology Co.,Ltd",上海证券交易所,Shanghai Stock Exchange
20260817,932000,中证2000,CSI 2000,600215,派斯林,"Paslin digital technology co., ltd.",上海证券交易所,Shanghai Stock Exchange
20260817,932000,中证2000,CSI 2000,600218,全柴动力,Anhui Quanchai Engine Co Ltd,上海证券交易所,Shanghai Stock Exchange
20260817,932000,中证2000,CSI 2000,600222,太龙药业,Henan Taloph Pharmaceutical Stock Co Ltd,上海证券交易所,Shanghai Stock Exchange
20260817,932000,中证2000,CSI 2000,600223,福瑞达,"Lushang Freda Pharmaceutical Co.,Ltd.",上海证券交易所,Shanghai Stock Exchange
20260817,932000,中证2000,CSI 2000,600230,沧州大化,"Cangzhou Dahua Co.,Ltd",上海证券交易所,Shanghai Stock Exchange
20260817,932000,中证2000,CSI 2000,600237,铜峰电子,Anhui Tongfeng Electronics Co Ltd,上海证券交易所,Shanghai Stock Exchange
20260817,932000,中证2000,CSI 2000,600249,两面针,Liuzhou Liangmianzhen Co Ltd,上海证券交易所,Shanghai Stock Exchange
20260817,932000,中证2000,CSI 2000,600250,南京商旅,"NANJING BUSINESS & TOURISM CORP., LTD.",上海证券交易所,Shanghai Stock Exchange
20260817,932000,中证2000,CSI 2000,600251,冠农股份,"XINJIANG GUANNONG CO.,LTD.",上海证券交易所,Shanghai Stock Exchange
20260817,932000,中证2000,CSI 2000,600255,鑫科材料,"ANHUI XINKE NEW MATERIALS CO., LTD.",上海证券交易所,Shanghai Stock Exchange
20260817,932000,中证2000,CSI 2000,600261,阳光照明,Zhejiang Yankon Group Co Ltd,上海证券交易所,Shanghai Stock Exchange
20260817,932000,中证2000,CSI 2000,600262,北方股份,Inner Mongolia North Hauler Joint Stock Co Ltd,上海证券交易所,Shanghai Stock Exchange
20260817,932000,中证2000,CSI 2000,600278,东方创业,Orient International Enterprise Ltd,上海证券交易所,Shanghai Stock Exchange
20260817,932000,中证2000,CSI 2000,600279,重庆港,"Chongqing Port Co.,Ltd.",上海证券交易所,Shanghai Stock Exchange
20260817,932000,中证2000,CSI 2000,600280,中央商场,"Nanjing Central Emporium (Group) Stocks Co.,Ltd.",上海证券交易所,Shanghai Stock Exchange
20260817,932000,中证2000,CSI 2000,600284,浦东建设,Shanghai Pudong Road & Bridge Construction Co Ltd,上海证券交易所,Shanghai Stock Exchange
20260817,932000,中证2000,CSI 2000,600288,大恒科技,Daheng New Epoch Technology Inc,上海证券交易所,Shanghai Stock Exchange
20260817,932000,中证2000,CSI 2000,600293,三峡新材,Hubei Sanxia New Building Material Co Ltd,上海证券交易所,Shanghai Stock Exchange
20260817,932000,中证2000,CSI 2000,600300,维维股份,"V V Food & Beverage Co.,Ltd.",上海证券交易所,Shanghai Stock Exchange
20260817,932000,中证2000,CSI 2000,600310,广西能源,"Guangxi Energy Co.,Ltd.",上海证券交易所,Shanghai Stock Exchange
20260817,932000,中证2000,CSI 2000,600313,农发种业,"Zhongnongfa Seed Industry Group Co., Ltd.",上海证券交易所,Shanghai Stock Exchange
20260817,932000,中证2000,CSI 2000,600318,新力金融,"Anhui Xinli Finance Co.,Ltd.",上海证券交易所,Shanghai Stock Exchange
20260817,932000,中证2000,CSI 2000,600327,大东方,Wuxi Commercial Mansion Grand Orient Co Ltd,上海证券交易所,Shanghai Stock Exchange
20260817,932000,中证2000,CSI 2000,600336,澳柯玛,Aucma Co Ltd,上海证券交易所,Shanghai Stock Exchange
20260817,932000,中证2000,CSI 2000,600351,亚宝药业,"Yabao Pharmaceutical Group Co.,Ltd",上海证券交易所,Shanghai Stock Exchange
20260817,932000,中证2000,CSI 2000,600354,敦煌种业,"Gansu Dunhuang Seed Group Co.,Ltd.",上海证券交易所,Shanghai Stock Exchange
20260817,932000,中证2000,CSI 2000,600367,红星发展,Guizhou Redstar Developing Co Ltd,上海证券交易所,Shanghai Stock Exchange
20260817,932000,中证2000,CSI 2000,600368,五洲交通,Guangxi Wuzhou Communications Co Ltd,上海证券交易所,Shanghai Stock Exchange
20260817,932000,中证2000,CSI 2000,600379,宝光股份,Shaanxi Baoguang Vacuum Electronic Apparatus Co Ltd,上海证券交易所,Shanghai Stock Exchange
20260817,932000,中证2000,CSI 2000,600382,广东明珠,Guangdong Mingzhu Group Co Ltd,上海证券交易所,Shanghai Stock Exchange
20260817,932000,中证2000,CSI 2000,600396,华电辽能,"Huadian Liaoning Energy Development Co., Ltd",上海证券交易所,Shanghai Stock Exchange
20260817,932000,中证2000,CSI 2000,600397,江钨装备,"Jiangxi Tungsten Rare And Precious Equipment Co., Ltd.",上海证券交易所,Shanghai Stock Exchange
20260817,932000,中证2000,CSI 2000,600400,红豆股份,Jiangsu Hongdou Industry Co Ltd,上海证券交易所,Shanghai Stock Exchange
20260817,932000,中证2000,CSI 2000,600405,动力源,Beijing Dynamic Power Co Ltd,上海证券交易所,Shanghai Stock Exchange
20260817,932000,中证2000,CSI 2000,600419,天润乳业,"Xinjiang Tianrun Dairy Co., Ltd.",上海证券交易所,Shanghai Stock Exchange
20260817,932000,中证2000,CSI 2000,600425,青松建化,Xinjiang Qingsong Building Materials And Chemicals (Group) Co Ltd,上海证券交易所,Shanghai Stock Exchange
20260817,932000,中证2000,CSI 2000,600429,三元股份,Beijing Sanyuan Foods Co Ltd,上海证券交易所,Shanghai Stock Exchange
20260817,932000,中证2000,CSI 2000,600433,冠豪高新,Guangdong Guanhao High-Tech Co Ltd,上海证券交易所,Shanghai Stock Exchange
20260817,932000,中证2000,CSI 2000,600449,宁夏建材,"Ningxia Building Materials Group Co.,Ltd",上海证券交易所,Shanghai Stock Exchange
20260817,932000,中证2000,CSI 2000,600467,好当家,Shandong Homey Aquatic Development Co Ltd,上海证券交易所,Shanghai Stock Exchange
20260817,932000,中证2000,CSI 2000,600468,百利电气,Tianjin Benefo Tejing Electric Co Ltd,上海证券交易所,Shanghai Stock Exchange
20260817,932000,中证2000,CSI 2000,600469,风神股份,Aeolus Tyre Co Ltd,上海证券交易所,Shanghai Stock Exchange
20260817,932000,中证2000,CSI 2000,600470,六国化工,Anhui Liuguo Chemical Co Ltd,上海证券交易所,Shanghai Stock Exchange
20260817,932000,中证2000,CSI 2000,600477,杭萧钢构,"Hangxiao Steel Structure Co., Ltd",上海证券交易所,Shanghai Stock Exchange
20260817,932000,中证2000,CSI 2000,600479,千金药业,Zhuzhou Qianjin Pharmaceutical Co Ltd,上海证券交易所,Shanghai Stock Exchange
20260817,932000,中证2000,CSI 2000,600488,津药药业,Tianjin Tianyao Pharmaceutical Co Ltd,上海证券交易所,Shanghai Stock Exchange
20260817,932000,中证2000,CSI 2000,600495,晋西车轴,Jinxi Axle Co Ltd,上海证券交易所,Shanghai Stock Exchange
20260817,932000,中证2000,CSI 2000,600496,精工钢构,"Changjiang & Jinggong Steel Building (Group) Co.,Ltd",上海证券交易所,Shanghai Stock Exchange
20260817,932000,中证2000,CSI 2000,600501,航天晨光,Aerosun Corp,上海证券交易所,Shanghai Stock Exchange
20260817,932000,中证2000,CSI 2000,600503,华丽家族,Deluxe Family Co Ltd,上海证券交易所,Shanghai Stock Exchange
20260817,932000,中证2000,CSI 2000,600505,西昌电力,"Sichuan Xichang Electric Power Co.,Ltd.",上海证券交易所,Shanghai Stock Exchange
20260817,932000,中证2000,CSI 2000,600506,统一股份,"Tongyi Carbon Neutral Energy (Xinjiang) Co., Ltd",上海证券交易所,Shanghai Stock Exchange
20260817,932000,中证2000,CSI 2000,600510,黑牡丹,Black Peony (Group) Co Ltd,上海证券交易所,Shanghai Stock Exchange
20260817,932000,中证2000,CSI 2000,600512,腾达建设,Tengda Construction Group Co Ltd,上海证券交易所,Shanghai Stock Exchange
20260817,932000,中证2000,CSI 2000,600513,联环药业,Jiangsu Lianhuan Pharmaceutical Co Ltd,上海证券交易所,Shanghai Stock Exchange
20260817,932000,中证2000,CSI 2000,600520,三佳科技,"Wenyi Suntech Co., Ltd.",上海证券交易所,Shanghai Stock Exchange
20260817,932000,中证2000,CSI 2000,600523,贵航股份,Guizhou Guihang Automotive Components Co Ltd,上海证券交易所,Shanghai Stock Exchange
20260817,932000,中证2000,CSI 2000,600526,菲达环保,Zhejiang Feida Environmental Science & Technology Co Ltd,上海证券交易所,Shanghai Stock Exchange
20260817,932000,中证2000,CSI 2000,600527,江南高纤,Jiangsu Jiangnan High Polymer Fiber Co Ltd,上海证券交易所,Shanghai Stock Exchange
20260817,932000,中证2000,CSI 2000,600545,卓郎智能,Saurer Intelligent Technology Co. Ltd.,上海证券交易所,Shanghai Stock Exchange
20260817,932000,中证2000,CSI 2000,600551,时代出版,"Time Publishing and Media Co., Ltd.",上海证券交易所,Shanghai Stock Exchange
20260817,932000,中证2000,CSI 2000,600558,大西洋,"Atlantic China Welding Consumables,Inc",上海证券交易所,Shanghai Stock Exchange
20260817,932000,中证2000,CSI 2000,600569,安阳钢铁,Anyang Iron & Steel Inc,上海证券交易所,Shanghai Stock Exchange
20260817,932000,中证2000,CSI 2000,600571,信雅达,"SUNYARD TECHNOLOGY CO., LTD",上海证券交易所,Shanghai Stock Exchange
20260817,932000,中证2000,CSI 2000,600576,祥源文旅,"Zhejiang Sunriver Culture Tourism Co.,Ltd",上海证券交易所,Shanghai Stock Exchange
20260817,932000,中证2000,CSI 2000,600590,泰豪科技,Tellhow Sci-Tech Co Ltd,上海证券交易所,Shanghai Stock Exchange
20260817,932000,中证2000,CSI 2000,600592,龙溪股份,Fujian Longxi Bearing (Group) Co Ltd,上海证券交易所,Shanghai Stock Exchange
20260817,932000,中证2000,CSI 2000,600593,大连圣亚,"Dalian Sunasia Tourism Holding Co.,Ltd",上海证券交易所,Shanghai Stock Exchange
20260817,932000,中证2000,CSI 2000,600594,益佰制药,Guizhou Yibai Pharmaceutical Co Ltd,上海证券交易所,Shanghai Stock Exchange
20260817,932000,中证2000,CSI 2000,600603,广汇物流,"GUANGHUI LOGISTICS CO., LTD",上海证券交易所,Shanghai Stock Exchange
20260817,932000,中证2000,CSI 2000,600605,汇通能源,"Shanghai Huitong Energy Co.,Ltd",上海证券交易所,Shanghai Stock Exchange
20260817,932000,中证2000,CSI 2000,600609,金杯汽车,Shenyang Jinbei Automotive Co Ltd,上海证券交易所,Shanghai Stock Exchange
20260817,932000,中证2000,CSI 2000,600610,中毅达,"Shanghai Zhongyida Co., Ltd.",上海证券交易所,Shanghai Stock Exchange
20260817,932000,中证2000,CSI 2000,600613,神奇制药,"Shanghai Shenqi Pharmaceutical Investment Management Co., Ltd.",上海证券交易所,Shanghai Stock Exchange
20260817,932000,中证2000,CSI 2000,600616,金枫酒业,Shanghai Jinfeng Wine Co Ltd,上海证券交易所,Shanghai Stock Exchange
20260817,932000,中证2000,CSI 2000,600617,国新能源,SHANXI GUOXIN ENERGY CORPORATION LIMITED,上海证券交易所,Shanghai Stock Exchange
20260817,932000,中证2000,CSI 2000,600620,天宸股份,Shanghai Tianchen Co Ltd,上海证券交易所,Shanghai Stock Exchange
20260817,932000,中证2000,CSI 2000,600622,光大嘉宝,"Everbright Jiabao Co., Ltd.",上海证券交易所,Shanghai Stock Exchange
20260817,932000,中证2000,CSI 2000,600626,申达股份,Shanghai Shenda Co Ltd,上海证券交易所,Shanghai Stock Exchange
20260817,932000,中证2000,CSI 2000,600628,新世界,Shanghai New World Co Ltd,上海证券交易所,Shanghai Stock Exchange
20260817,932000,中证2000,CSI 2000,600630,龙头股份,Shanghai Dragon Corporation,上海证券交易所,Shanghai Stock Exchange
20260817,932000,中证2000,CSI 2000,600638,新黄浦,Shanghai New Huang Pu Real Estate Co Ltd,上海证券交易所,Shanghai Stock Exchange
20260817,932000,中证2000,CSI 2000,600644,乐山电力,"Leshan Electric Power Co.,Ltd",上海证券交易所,Shanghai Stock Exchange
20260817,932000,中证2000,CSI 2000,600650,锦江在线,"Shanghai Jin Jiang Online Network Service Co., Ltd.",上海证券交易所,Shanghai Stock Exchange
20260817,932000,中证2000,CSI 2000,600653,申华控股,"Liaoning Shenhua Holdings Co., Ltd",上海证券交易所,Shanghai Stock Exchange
20260817,932000,中证2000,CSI 2000,600658,电子城,Beijing Electronic Zone Investment and Development Co Ltd,上海证券交易所,Shanghai Stock Exchange
20260817,932000,中证2000,CSI 2000,600661,昂立教育,"SHANGHAI XINNANYANG ONLY EDUCATION & TECHNOLOGY CO., LTD",上海证券交易所,Shanghai Stock Exchange
20260817,932000,中证2000,CSI 2000,600668,尖峰集团,Zhejiang Jianfeng Group Co Ltd,上海证券交易所,Shanghai Stock Exchange
20260817,932000,中证2000,CSI 2000,600679,上海凤凰,"SHANGHAI PHOENIX ENTERPRISE (GROUP) CO., LTD",上海证券交易所,Shanghai Stock Exchange
20260817,932000,中证2000,CSI 2000,600681,百川能源,"Bestsun Energy Co., Ltd.",上海证券交易所,Shanghai Stock Exchange
20260817,932000,中证2000,CSI 2000,600684,珠江股份,Guangzhou Pearl River Industrial Development Co Ltd,上海证券交易所,Shanghai Stock Exchange
20260817,932000,中证2000,CSI 2000,600693,东百集团,Fujian Dongbai Group Co Ltd,上海证券交易所,Shanghai Stock Exchange
20260817,932000,中证2000,CSI 2000,600694,大商股份,Dashang Co Ltd,上海证券交易所,Shanghai Stock Exchange
20260817,932000,中证2000,CSI 2000,600698,湖南天雁,"Hunan Tyen Machinery Co., Ltd",上海证券交易所,Shanghai Stock Exchange
20260817,932000,中证2000,CSI 2000,600708,光明地产,"BRIGHT REAL ESTATE GROUP CO.,LIMITED",上海证券交易所,Shanghai Stock Exchange
20260817,932000,中证2000,CSI 2000,600713,南京医药,Nanjing Pharmaceutical Group Company Limited,上海证券交易所,Shanghai Stock Exchange
20260817,932000,中证2000,CSI 2000,600714,金瑞矿业,Qinghai Jinrun Mineral Development Co Ltd,上海证券交易所,Shanghai Stock Exchange
20260817,932000,中证2000,CSI 2000,600721,百花医药,"Xinjiang Baihuacun Pharma Tech Co.,Ltd",上海证券交易所,Shanghai Stock Exchange
20260817,932000,中证2000,CSI 2000,600722,金牛化工,Hebei Jinniu Chemical Industry Co Ltd,上海证券交易所,Shanghai Stock Exchange
20260817,932000,中证2000,CSI 2000,600724,宁波富达,Ningbo Fuda Company Limited,上海证券交易所,Shanghai Stock Exchange
20260817,932000,中证2000,CSI 2000,600727,鲁北化工,Shandong Lubei Chemical Co Ltd,上海证券交易所,Shanghai Stock Exchange
20260817,932000,中证2000,CSI 2000,600731,湖南海利,Hunan Haili Chemical Industry Co Ltd,上海证券交易所,Shanghai Stock Exchange
20260817,932000,中证2000,CSI 2000,600736,苏州高新,Suzhou New District Hi-Tech Industrial Co Ltd,上海证券交易所,Shanghai Stock Exchange
20260817,932000,中证2000,CSI 2000,600738,丽尚国潮,"LANZHOU LISHANG GUOCHAO INDUSTRIAL GROUP CO.,LTD",上海证券交易所,Shanghai Stock Exchange
20260817,932000,中证2000,CSI 2000,600742,富维股份,"Changchun FAWAY Automobile Components Co., Ltd",上海证券交易所,Shanghai Stock Exchange
20260817,932000,中证2000,CSI 2000,600749,西藏旅游,Tibet Shengdi Co Ltd,上海证券交易所,Shanghai Stock Exchange
20260817,932000,中证2000,CSI 2000,600756,浪潮软件,"Inspur software Co., Ltd.",上海证券交易所,Shanghai Stock Exchange
20260817,932000,中证2000,CSI 2000,600758,辽宁能源,"Liaoning Energy Industry Co.,Ltd",上海证券交易所,Shanghai Stock Exchange
20260817,932000,中证2000,CSI 2000,600769,祥龙电业,Wuhan Xianglong Power Industry Co Ltd,上海证券交易所,Shanghai Stock Exchange
20260817,932000,中证2000,CSI 2000,600780,通宝能源,Top Energy Co Ltd Shanxi,上海证券交易所,Shanghai Stock Exchange
20260817,932000,中证2000,CSI 2000,600784,鲁银投资,Luyin Investment Group Co Ltd,上海证券交易所,Shanghai Stock Exchange
20260817,932000,中证2000,CSI 2000,600785,新华百货,"Yinchuan Xinhua Commercial (Group) Co.,Ltd.",上海证券交易所,Shanghai Stock Exchange
20260817,932000,中证2000,CSI 2000,600792,云煤能源,"Yunnan Coal & Energy Co.,Ltd",上海证券交易所,Shanghai Stock Exchange
20260817,932000,中证2000,CSI 2000,600793,宜宾纸业,Yibin Paper Industry Co Ltd,上海证券交易所,Shanghai Stock Exchange
20260817,932000,中证2000,CSI 2000,600794,保税科技,"Zhangjiagang Freetrade Science and Technology Co., Ltd",上海证券交易所,Shanghai Stock Exchange
20260817,932000,中证2000,CSI 2000,600796,钱江生化,Zhejiang Qianjiang Biochemical Co Ltd,上海证券交易所,Shanghai Stock Exchange
20260817,932000,中证2000,CSI 2000,600798,宁波海运,Ningbo Marine Co Ltd,上海证券交易所,Shanghai Stock Exchange
20260817,932000,中证2000,CSI 2000,600805,悦达投资,Jiangsu Yueda Investment Co Ltd,上海证券交易所,Shanghai Stock Exchange
20260817,932000,中证2000,CSI 2000,600814,杭州解百,Hangzhou Jiebai Group Co Ltd,上海证券交易所,Shanghai Stock Exchange
20260817,932000,中证2000,CSI 2000,600819,耀皮玻璃,SYP Glass Group Co Ltd,上海证券交易所,Shanghai Stock Exchange
20260817,932000,中证2000,CSI 2000,600822,上海物贸,Shanghai Material Trading Co Ltd,上海证券交易所,Shanghai Stock Exchange
20260817,932000,中证2000,CSI 2000,600824,益民集团,"Shanghai Yimin Commercial Group Co.,Ltd.",上海证券交易所,Shanghai Stock Exchange
20260817,932000,中证2000,CSI 2000,600825,新华传媒,Shanghai Xinhua Media Co Ltd,上海证券交易所,Shanghai Stock Exchange
20260817,932000,中证2000,CSI 2000,600826,兰生股份,Shanghai Lansheng Corp,上海证券交易所,Shanghai Stock Exchange
20260817,932000,中证2000,CSI 2000,600828,茂业商业,"Maoye Commercial Co., Ltd.",上海证券交易所,Shanghai Stock Exchange
20260817,932000,中证2000,CSI 2000,600829,人民同泰,HPGC Renmintongtai Pharmaceutical Corporation,上海证券交易所,Shanghai Stock Exchange
20260817,932000,中证2000,CSI 2000,600830,香溢融通,Sunny Loan Top Co Ltd,上海证券交易所,Shanghai Stock Exchange
20260817,932000,中证2000,CSI 2000,600833,第一医药,Shanghai No.1 Pharmacy Co Ltd,上海证券交易所,Shanghai Stock Exchange
20260817,932000,中证2000,CSI 2000,600838,上海九百,Shanghai Join Buy Co Ltd,上海证券交易所,Shanghai Stock Exchange
20260817,932000,中证2000,CSI 2000,600843,上工申贝,"Shang Gong Group Co.,Ltd.",上海证券交易所,Shanghai Stock Exchange
20260817,932000,中证2000,CSI 2000,600846,同济科技,Shanghai Tongji Science & Technology Industrial Co Ltd,上海证券交易所,Shanghai Stock Exchange
20260817,932000,中证2000,CSI 2000,600851,海欣股份,Shanghai Haixin Group Co Ltd,上海证券交易所,Shanghai Stock Exchange
20260817,932000,中证2000,CSI 2000,600853,龙建股份,Longjian Road & Bridge Co Ltd,上海证券交易所,Shanghai Stock Exchange
20260817,932000,中证2000,CSI 2000,600855,航天长峰,Beijing Aerospace Changfeng Co Ltd,上海证券交易所,Shanghai Stock Exchange
20260817,932000,中证2000,CSI 2000,600858,银座股份,"Silver Plaza Group Co.,Ltd",上海证券交易所,Shanghai Stock Exchange
20260817,932000,中证2000,CSI 2000,600860,京城股份,Beijing Jingcheng Machinery Electric Company Limited,上海证券交易所,Shanghai Stock Exchange
20260817,932000,中证2000,CSI 2000,600861,北京人力,"Fesco Group Co., Ltd",上海证券交易所,Shanghai Stock Exchange
20260817,932000,中证2000,CSI 2000,600865,百大集团,"Baida Group Co.,Ltd.",上海证券交易所,Shanghai Stock Exchange
20260817,932000,中证2000,CSI 2000,600868,梅雁吉祥,"Guangdong Meiyan Jixiang Hydropower Co.,Ltd.",上海证券交易所,Shanghai Stock Exchange
20260817,932000,中证2000,CSI 2000,600874,创业环保,Tianjin Capital Environmental Protection Group Co Ltd,上海证券交易所,Shanghai Stock Exchange
20260817,932000,中证2000,CSI 2000,600880,博瑞传播,Chengdu B-ray Media Co Ltd,上海证券交易所,Shanghai Stock Exchange
20260817,932000,中证2000,CSI 2000,600894,广日股份,"Guangzhou Guangri Stock Co., Ltd.",上海证券交易所,Shanghai Stock Exchange
20260817,932000,中证2000,CSI 2000,600897,厦门空港,Xiamen International Airport Co Ltd,上海证券交易所,Shanghai Stock Exchange
20260817,932000,中证2000,CSI 2000,600903,贵州燃气,Guizhou Gas Group Corporation Ltd.,上海证券交易所,Shanghai Stock Exchange
20260817,932000,中证2000,CSI 2000,600939,重庆建工,"Chongqing Construction Engineering Group Co., Ltd.",上海证券交易所,Shanghai Stock Exchange
20260817,932000,中证2000,CSI 2000,600960,渤海汽车,"Bohai Automotive Systems CO., LTD.",上海证券交易所,Shanghai Stock Exchange
20260817,932000,中证2000,CSI 2000,600962,国投中鲁,SDIC Zhonglu Fruit Juice Co Ltd,上海证券交易所,Shanghai Stock Exchange
20260817,932000,中证2000,CSI 2000,600966,博汇纸业,Shandong Bohui Paper Industrial Co Ltd,上海证券交易所,Shanghai Stock Exchange
20260817,932000,中证2000,CSI 2000,600973,宝胜股份,Baosheng Science and Technology Innovation Co Ltd,上海证券交易所,Shanghai Stock Exchange
20260817,932000,中证2000,CSI 2000,600976,健民集团,"Jianmin Pharmaceutical Groups Co.,Ltd.",上海证券交易所,Shanghai Stock Exchange
20260817,932000,中证2000,CSI 2000,600979,广安爱众,Sichuan Guangan AAA Public Co Ltd,上海证券交易所,Shanghai Stock Exchange
20260817,932000,中证2000,CSI 2000,600980,北矿科技,"BGRIMM Technology Co., Ltd.",上海证券交易所,Shanghai Stock Exchange
20260817,932000,中证2000,CSI 2000,600981,苏豪汇鸿,Jiangsu Soho High Hope Group Corporation,上海证券交易所,Shanghai Stock Exchange
20260817,932000,中证2000,CSI 2000,600982,宁波能源,"NINGBO ENERGY GROUP CO.,LTD.",上海证券交易所,Shanghai Stock Exchange
20260817,932000,中证2000,CSI 2000,600987,航民股份,Zhejiang Hangmin Co Ltd,上海证券交易所,Shanghai Stock Exchange
20260817,932000,中证2000,CSI 2000,600992,贵绳股份,Guizhou Wire Rope Co Ltd,上海证券交易所,Shanghai Stock Exchange
20260817,932000,中证2000,CSI 2000,601002,晋亿实业,"Gem-Year Industrial Co.,Ltd.",上海证券交易所,Shanghai Stock Exchange
20260817,932000,中证2000,CSI 2000,601007,金陵饭店,Jinling Hotel Co LTd,上海证券交易所,Shanghai Stock Exchange
20260817,932000,中证2000,CSI 2000,601008,连云港,Jiangsu Lianyungang Port Co Ltd,上海证券交易所,Shanghai Stock Exchange
20260817,932000,中证2000,CSI 2000,601086,国芳集团,"Gansu Guofang Industry & Trade (Group) Co., Ltd.",上海证券交易所,Shanghai Stock Exchange
20260817,932000,中证2000,CSI 2000,601113,华鼎股份,Yiwu Huading Nylon Co Ltd,上海证券交易所,Shanghai Stock Exchange
20260817,932000,中证2000,CSI 2000,601116,三江购物,Sanjiang Shopping Club Co Ltd,上海证券交易所,Shanghai Stock Exchange
20260817,932000,中证2000,CSI 2000,601121,宝地矿业,"XinjiangBaodiMiningCo.,Ltd.",上海证券交易所,Shanghai Stock Exchange
20260817,932000,中证2000,CSI 2000,601133,柏诚股份,"BOTH ENGINEERING TECHNOLOGY CO.,LTD.",上海证券交易所,Shanghai Stock Exchange
20260817,932000,中证2000,CSI 2000,601163,三角轮胎,"TRIANGLE TYRE CO., LTD.",上海证券交易所,Shanghai Stock Exchange
20260817,932000,中证2000,CSI 2000,601177,杭齿前进,Hangzhou Advance Gearbox Group Co Ltd,上海证券交易所,Shanghai Stock Exchange
20260817,932000,中证2000,CSI 2000,601188,龙江交通,Heilongjiang Transportation Development Co Ltd,上海证券交易所,Shanghai Stock Exchange
20260817,932000,中证2000,CSI 2000,601218,吉鑫科技,"Jiangsu SINOJIT Wind Energy Technology Co., Ltd.",上海证券交易所,Shanghai Stock Exchange
20260817,932000,中证2000,CSI 2000,601226,华电科工,"HuaDian Heavy Industries Co.,Ltd.",上海证券交易所,Shanghai Stock Exchange
20260817,932000,中证2000,CSI 2000,601330,绿色动力,"Dynagreen Environmental Protection Group Co., Ltd.",上海证券交易所,Shanghai Stock Exchange
20260817,932000,中证2000,CSI 2000,601339,百隆东方,"Bros Eastern Co., Ltd.",上海证券交易所,Shanghai Stock Exchange
20260817,932000,中证2000,CSI 2000,601388,怡球资源,Yechiu Metal Recycling (China) Ltd.,上海证券交易所,Shanghai Stock Exchange
20260817,932000,中证2000,CSI 2000,601500,通用股份,"JIANGSU GENERAL SCIENCE TECHNOLOGY CO.,LTD",上海证券交易所,Shanghai Stock Exchange
20260817,932000,中证2000,CSI 2000,601566,九牧王,Joeone Co Ltd,上海证券交易所,Shanghai Stock Exchange
20260817,932000,中证2000,CSI 2000,601579,会稽山,"Kuaijishan Shaoxing Rice Wine Co., Ltd",上海证券交易所,Shanghai Stock Exchange
20260817,932000,中证2000,CSI 2000,601588,北辰实业,Beijing North Star Co Ltd,上海证券交易所,Shanghai Stock Exchange
20260817,932000,中证2000,CSI 2000,601599,浙文影业,"Zhewen Pictures Group co.,ltd",上海证券交易所,Shanghai Stock Exchange
20260817,932000,中证2000,CSI 2000,601616,广电电气,Shanghai Guangdian Electric Group Co Ltd,上海证券交易所,Shanghai Stock Exchange
20260817,932000,中证2000,CSI 2000,601686,友发集团,"Tianjin You Fa Steel Pipe Group Stock Co., Ltd.",上海证券交易所,Shanghai Stock Exchange
20260817,932000,中证2000,CSI 2000,601700,风范股份,Changshu Fengfan Power Equipment Co Ltd,上海证券交易所,Shanghai Stock Exchange
20260817,932000,中证2000,CSI 2000,601789,宁波建工,Ningbo Construction Co Ltd,上海证券交易所,Shanghai Stock Exchange
20260817,932000,中证2000,CSI 2000,601798,蓝科高新,Lanpec Technologies Co Ltd,上海证券交易所,Shanghai Stock Exchange
20260817,932000,中证2000,CSI 2000,601886,江河集团,"Jangho Group Co., Ltd.",上海证券交易所,Shanghai Stock Exchange
20260817,932000,中证2000,CSI 2000,601929,吉视传媒,"JISHI MEDIA CO.,LTD.",上海证券交易所,Shanghai Stock Exchange
20260817,932000,中证2000,CSI 2000,601956,东贝集团,"Hubei Donper Electromechanical Group Co., Ltd.",上海证券交易所,Shanghai Stock Exchange
20260817,932000,中证2000,CSI 2000,601968,宝钢包装,SHANGHAI BAOSTEEL PACKAGING COMPANY LTD.,上海证券交易所,Shanghai Stock Exchange
20260817,932000,中证2000,CSI 2000,603002,宏昌电子,EPOXY BASE ELECTRONIC MATERIAL CORPORATION LIMITED,上海证券交易所,Shanghai Stock Exchange
20260817,932000,中证2000,CSI 2000,603004,鼎龙科技,"Zhejiang Dragon Technology Co., Ltd.",上海证券交易所,Shanghai Stock Exchange
20260817,932000,中证2000,CSI 2000,603006,联明股份,"Shanghai Lianming Machinery Co., Ltd.",上海证券交易所,Shanghai Stock Exchange
20260817,932000,中证2000,CSI 2000,603011,合锻智能,"Hefei Metalforming Intelligent Manufacturing Co., Ltd.",上海证券交易所,Shanghai Stock Exchange
20260817,932000,中证2000,CSI 2000,603012,创力集团,"Shanghai Chuangli Group CO.,LTD.",上海证券交易所,Shanghai Stock Exchange
20260817,932000,中证2000,CSI 2000,603015,弘讯科技,"NINGBO TECHMATION CO., LTD.",上海证券交易所,Shanghai Stock Exchange
20260817,932000,中证2000,CSI 2000,603016,新宏泰,"Wuxi New Hongtai Electrical Technology Co.,Ltd",上海证券交易所,Shanghai Stock Exchange
20260817,932000,中证2000,CSI 2000,603018,华设集团,"China DesignGroupCo.,Ltd",上海证券交易所,Shanghai Stock Exchange
20260817,932000,中证2000,CSI 2000,603020,爱普股份,"Apple Flavor & Fragrance Group Co., Ltd.",上海证券交易所,Shanghai Stock Exchange
20260817,932000,中证2000,CSI 2000,603031,安孚科技,"Anhui Anfu Battery Technology Co.,Ltd.",上海证券交易所,Shanghai Stock Exchange
20260817,932000,中证2000,CSI 2000,603032,德新科技,"Delixi New Energy Technology Co.,Ltd",上海证券交易所,Shanghai Stock Exchange
20260817,932000,中证2000,CSI 2000,603035,常熟汽饰,"Jiangsu Changshu Automotive Trim Group Co., Ltd.",上海证券交易所,Shanghai Stock Exchange
20260817,932000,中证2000,CSI 2000,603036,如通股份,"Jiangsu Rutong Petro-Machinery Co., Ltd.",上海证券交易所,Shanghai Stock Exchange
20260817,932000,中证2000,CSI 2000,603037,凯众股份,"Shanghai Carthane Co.,Ltd.",上海证券交易所,Shanghai Stock Exchange
20260817,932000,中证2000,CSI 2000,603038,华立股份,"HUALI INDUSTRIES CO.,LTD.",上海证券交易所,Shanghai Stock Exchange
20260817,932000,中证2000,CSI 2000,603040,新坐标,"Hangzhou XZB Tech Co.,Ltd",上海证券交易所,Shanghai Stock Exchange
20260817,932000,中证2000,CSI 2000,603050,科林电气,"ShiJiaZhuang Kelin Electric Co., Ltd.",上海证券交易所,Shanghai Stock Exchange
20260817,932000,中证2000,CSI 2000,603051,鹿山新材,"Guangzhou Lushan New Materials Co., Ltd.",上海证券交易所,Shanghai Stock Exchange
20260817,932000,中证2000,CSI 2000,603052,可川科技,"Suzhou K-Hiragawa Electronic Technology Co., Ltd.",上海证券交易所,Shanghai Stock Exchange
20260817,932000,中证2000,CSI 2000,603058,永吉股份,"Yongji Printing Co., Ltd.",上海证券交易所,Shanghai Stock Exchange
20260817,932000,中证2000,CSI 2000,603061,金海通,"JHT Design Co.,Ltd.",上海证券交易所,Shanghai Stock Exchange
20260817,932000,中证2000,CSI 2000,603062,麦加芯彩,MEGA P&C Advanced Materials (Shanghai) Company Limited,上海证券交易所,Shanghai Stock Exchange
20260817,932000,中证2000,CSI 2000,603065,宿迁联盛,"Suqian Unitech Corp., Ltd.",上海证券交易所,Shanghai Stock Exchange
20260817,932000,中证2000,CSI 2000,603069,海汽集团,"Hainan Haiqi Transportation Group Co.,LTD.",上海证券交易所,Shanghai Stock Exchange
20260817,932000,中证2000,CSI 2000,603076,乐惠国际,"Ningbo Lehui International Engineering Equipment Co.,Ltd.",上海证券交易所,Shanghai Stock Exchange
20260817,932000,中证2000,CSI 2000,603078,江化微,"JIANGYIN JIANGHUA MICROELECTRONICS MATERIALS CO., LTD",上海证券交易所,Shanghai Stock Exchange
20260817,932000,中证2000,CSI 2000,603081,大丰实业,"ZHEJIANG DAFENG INDUSTRIAL CO., LTD.",上海证券交易所,Shanghai Stock Exchange
20260817,932000,中证2000,CSI 2000,603082,北自科技,"BZS (Beijing) Technology Development Co., Ltd.",上海证券交易所,Shanghai Stock Exchange
20260817,932000,中证2000,CSI 2000,603085,天成自控,"Zhejiang Tiancheng Controls Co., Ltd.",上海证券交易所,Shanghai Stock Exchange
20260817,932000,中证2000,CSI 2000,603086,先达股份,"Shan Dong Cynda Chemical Co.,Ltd.",上海证券交易所,Shanghai Stock Exchange
20260817,932000,中证2000,CSI 2000,603088,宁波精达,"JDM JingDa Machine (Ningbo) Co., Ltd.",上海证券交易所,Shanghai Stock Exchange
20260817,932000,中证2000,CSI 2000,603090,宏盛股份,"Wuxi Hongsheng Heat Exchanger Manufacturing Co., Ltd.",上海证券交易所,Shanghai Stock Exchange
20260817,932000,中证2000,CSI 2000,603095,越剑智能,"Zhejiang Yuejian Intelligent Equipment Co.,Ltd.",上海证券交易所,Shanghai Stock Exchange
20260817,932000,中证2000,CSI 2000,603097,江苏华辰,"Jiangsu Huachen Transformer Co., Ltd.",上海证券交易所,Shanghai Stock Exchange
20260817,932000,中证2000,CSI 2000,603098,森特股份,"CENTER INTERNATIONAL GROUP CO.,LTD.",上海证券交易所,Shanghai Stock Exchange
20260817,932000,中证2000,CSI 2000,603101,汇嘉时代,"Xinjiang Winka Times Department Store Co.,Ltd.",上海证券交易所,Shanghai Stock Exchange
20260817,932000,中证2000,CSI 2000,603105,芯能科技,"Zhejiang Sunoren Solar Technology Co.,Ltd.",上海证券交易所,Shanghai Stock Exchange
20260817,932000,中证2000,CSI 2000,603106,恒银科技,"Cashway Fintech Co., Ltd.",上海证券交易所,Shanghai Stock Exchange
20260817,932000,中证2000,CSI 2000,603109,神驰机电,"SENCI ELECTRIC MACHINERY CO.,LTD.",上海证券交易所,Shanghai Stock Exchange
20260817,932000,中证2000,CSI 2000,603110,东方材料,"New East New Materials Co., Ltd",上海证券交易所,Shanghai Stock Exchange
20260817,932000,中证2000,CSI 2000,603111,康尼机电,"Nanjing Kangni Mechanical&Electrical Co., Ltd.",上海证券交易所,Shanghai Stock Exchange
20260817,932000,中证2000,CSI 2000,603112,华翔股份,"Shanxi Huaxiang Group Co., Ltd.",上海证券交易所,Shanghai Stock Exchange
20260817,932000,中证2000,CSI 2000,603115,海星股份,"Nantong Haixing Electronics Co., Ltd.",上海证券交易所,Shanghai Stock Exchange
20260817,932000,中证2000,CSI 2000,603117,万林物流,"Jiangsu Wanlin Modern Logistics Co., Ltd.",上海证券交易所,Shanghai Stock Exchange
20260817,932000,中证2000,CSI 2000,603120,肯特催化,Kente Catalysts Inc.,上海证券交易所,Shanghai Stock Exchange
20260817,932000,中证2000,CSI 2000,603121,华培动力,"Shanghai Sinotec Co., Ltd.",上海证券交易所,Shanghai Stock Exchange
20260817,932000,中证2000,CSI 2000,603122,合富中国,"Cowealth Medical China Co.,Ltd.",上海证券交易所,Shanghai Stock Exchange
20260817,932000,中证2000,CSI 2000,603125,常青科技,Jiangsu Evergreen New Material Technology Incorporated Company,上海证券交易所,Shanghai Stock Exchange
20260817,932000,中证2000,CSI 2000,603126,中材节能,Sinoma Energy Conservation Ltd,上海证券交易所,Shanghai Stock Exchange
20260817,932000,中证2000,CSI 2000,603128,华贸物流,CTS International Logistics Corporation Limited,上海证券交易所,Shanghai Stock Exchange
20260817,932000,中证2000,CSI 2000,603130,云中马,"Zhejiang Yunzhongma Co., Ltd.",上海证券交易所,Shanghai Stock Exchange
20260817,932000,中证2000,CSI 2000,603131,上海沪工,"SHANGHAI HUGONG ELECTRIC GROUP CO.,LTD",上海证券交易所,Shanghai Stock Exchange
20260817,932000,中证2000,CSI 2000,603135,中重科技,"Zhongzhong Science & Technology (Tianjin) Co., Ltd.",上海证券交易所,Shanghai Stock Exchange
20260817,932000,中证2000,CSI 2000,603136,天目湖,"Jiangsu Tianmu Lake Tourism Co.,Ltd.",上海证券交易所,Shanghai Stock Exchange
20260817,932000,中证2000,CSI 2000,603138,海量数据,"Beijing Vastdata Technology Co., Ltd.",上海证券交易所,Shanghai Stock Exchange
20260817,932000,中证2000,CSI 2000,603150,万朗磁塑,"Anhui Higasket Plastics Co.,Ltd.",上海证券交易所,Shanghai Stock Exchange
20260817,932000,中证2000,CSI 2000,603151,邦基科技,"Shandong Teamgene Technology Co., Ltd.",上海证券交易所,Shanghai Stock Exchange
20260817,932000,中证2000,CSI 2000,603155,新亚强,"Xinyaqiang Silicon Chemistry Co.,Ltd",上海证券交易所,Shanghai Stock Exchange
20260817,932000,中证2000,CSI 2000,603158,腾龙股份,"Changzhou Tenglong Auto Parts Co.,Ltd.",上海证券交易所,Shanghai Stock Exchange
20260817,932000,中证2000,CSI 2000,603163,圣晖集成,"ACTER TECHNOLOGY INTEGRATION GROUP CO., LTD.",上海证券交易所,Shanghai Stock Exchange
20260817,932000,中证2000,CSI 2000,603165,荣晟环保,"Zhejiang Rongsheng Environmental Protection Paper Co.,LTD",上海证券交易所,Shanghai Stock Exchange
20260817,932000,中证2000,CSI 2000,603167,渤海轮渡,"Bohai Ferry Co., Ltd.",上海证券交易所,Shanghai Stock Exchange
20260817,932000,中证2000,CSI 2000,603168,莎普爱思,"Zhejiang Shapuaisi Pharmaceutical Co., Ltd.",上海证券交易所,Shanghai Stock Exchange
20260817,932000,中证2000,CSI 2000,603173,福斯达,"Hangzhou Fortune Gas Cryogenic Group Co., Ltd.",上海证券交易所,Shanghai Stock Exchange
20260817,932000,中证2000,CSI 2000,603178,圣龙股份,"Ningbo Shenglong Automotive PowertrainSystem Co.,Ltd.",上海证券交易所,Shanghai Stock Exchange
20260817,932000,中证2000,CSI 2000,603181,皇马科技,"Zhejiang Huangma Technology CO., LTD.",上海证券交易所,Shanghai Stock Exchange
20260817,932000,中证2000,CSI 2000,603186,华正新材,"Zhejiang Huazheng New Material Co., Ltd.",上海证券交易所,Shanghai Stock Exchange
20260817,932000,中证2000,CSI 2000,603187,海容冷链,"Qingdao Hiron Commercial Cold Chain Co.,Ltd.",上海证券交易所,Shanghai Stock Exchange
20260817,932000,中证2000,CSI 2000,603191,望变电气,"Chongqing Wangbian Electric (Group) Corp., Ltd.",上海证券交易所,Shanghai Stock Exchange
20260817,932000,中证2000,CSI 2000,603192,汇得科技,"Shanghai Huide Science & Technology Co.,Ltd",上海证券交易所,Shanghai Stock Exchange
20260817,932000,中证2000,CSI 2000,603196,璞源材料,"Shanghai Porigine Chemical Material Group Co., Ltd.",上海证券交易所,Shanghai Stock Exchange
20260817,932000,中证2000,CSI 2000,603197,保隆科技,Shanghai Baolong Automotive Corporation,上海证券交易所,Shanghai Stock Exchange
20260817,932000,中证2000,CSI 2000,603199,九华旅游,"Anhui Jiuhuashan Tourism Development Co., Ltd.",上海证券交易所,Shanghai Stock Exchange
20260817,932000,中证2000,CSI 2000,603200,上海洗霸,"Shanghai Emperor Of Cleaning Hi-Tech Co., LTD.",上海证券交易所,Shanghai Stock Exchange
20260817,932000,中证2000,CSI 2000,603203,快克智能,"QUICK INTELLIGENT EQUIPMENT CO.,LTD.",上海证券交易所,Shanghai Stock Exchange
20260817,932000,中证2000,CSI 2000,603206,嘉环科技,"Bestlink Technologies Co.,Ltd.",上海证券交易所,Shanghai Stock Exchange
20260817,932000,中证2000,CSI 2000,603207,小方制药,"Shanghai Xiao Fang Pharmaceutical Co.,Ltd.",上海证券交易所,Shanghai Stock Exchange
20260817,932000,中证2000,CSI 2000,603209,兴通股份,"Xingtong Shipping Co., Ltd.",上海证券交易所,Shanghai Stock Exchange
20260817,932000,中证2000,CSI 2000,603210,泰鸿万立,"Zhejiang Tion Vanly Tech. Co., Ltd.",上海证券交易所,Shanghai Stock Exchange
20260817,932000,中证2000,CSI 2000,603211,晋拓股份,"JINTUO TECHNOLOGY CO.,LTD.",上海证券交易所,Shanghai Stock Exchange
20260817,932000,中证2000,CSI 2000,603215,比依股份,"Zhejiang Biyi Electric Appliance Co., Ltd.",上海证券交易所,Shanghai Stock Exchange
20260817,932000,中证2000,CSI 2000,603216,梦天家居,Mengtian Home Group Inc.,上海证券交易所,Shanghai Stock Exchange
20260817,932000,中证2000,CSI 2000,603217,元利科技,"Yuanli Chemical Group Co.,Ltd.",上海证券交易所,Shanghai Stock Exchange
20260817,932000,中证2000,CSI 2000,603222,济民健康,"Chimin Health Management Co., Ltd.",上海证券交易所,Shanghai Stock Exchange
20260817,932000,中证2000,CSI 2000,603223,恒通股份,"HENGTONG LOGISTICS CO.,LTD.",上海证券交易所,Shanghai Stock Exchange
20260817,932000,中证2000,CSI 2000,603229,奥翔药业,"Zhejiang Ausun Pharmaceutical Co., Ltd.",上海证券交易所,Shanghai Stock Exchange
20260817,932000,中证2000,CSI 2000,603232,格尔软件,"Shanghai Koal Software Co., Ltd.",上海证券交易所,Shanghai Stock Exchange
20260817,932000,中证2000,CSI 2000,603239,浙江仙通,"Zhejiang Xiantong Rubber&Plastic Co.,Ltd.",上海证券交易所,Shanghai Stock Exchange
20260817,932000,中证2000,CSI 2000,603257,中国瑞林,"China Nerin Engineering Co., Ltd.",上海证券交易所,Shanghai Stock Exchange
20260817,932000,中证2000,CSI 2000,603258,电魂网络,"Hangzhou Electronic Soul Network Technology Co.,Ltd",上海证券交易所,Shanghai Stock Exchange
20260817,932000,中证2000,CSI 2000,603266,天龙股份,"Ningbo Tianlong Electronics Co., Ltd.",上海证券交易所,Shanghai Stock Exchange
20260817,932000,中证2000,CSI 2000,603269,海鸥股份,"Jiangsu Seagull Cooling Tower Co.,Ltd.",上海证券交易所,Shanghai Stock Exchange
20260817,932000,中证2000,CSI 2000,603270,金帝股份,"Shandong Golden Empire Precision Machinery Technology Co., Ltd.",上海证券交易所,Shanghai Stock Exchange
20260817,932000,中证2000,CSI 2000,603271,永杰新材,"Yong Jie New Material Co.,Ltd.",上海证券交易所,Shanghai Stock Exchange
20260817,932000,中证2000,CSI 2000,603273,天元智能,"Jiangsu Teeyer Intelligent Equipment Co., Ltd.",上海证券交易所,Shanghai Stock Exchange
20260817,932000,中证2000,CSI 2000,603275,众辰科技,"Shanghai Zhongchen Electronic Technology Co.,Ltd.",上海证券交易所,Shanghai Stock Exchange
20260817,932000,中证2000,CSI 2000,603278,大业股份,"Shandong Daye Co., Ltd.",上海证券交易所,Shanghai Stock Exchange
20260817,932000,中证2000,CSI 2000,603280,南方路机,"Fujian South Highway Machinery Co., Ltd.",上海证券交易所,Shanghai Stock Exchange
20260817,932000,中证2000,CSI 2000,603281,江瀚新材,"Hubei Jianghan New Materials Co.,Ltd.",上海证券交易所,Shanghai Stock Exchange
20260817,932000,中证2000,CSI 2000,603285,键邦股份,"Shandong Jianbang New Material Co., Ltd.",上海证券交易所,Shanghai Stock Exchange
20260817,932000,中证2000,CSI 2000,603286,日盈电子,"Jiangsu Riying Electronics Co., Ltd.",上海证券交易所,Shanghai Stock Exchange
20260817,932000,中证2000,CSI 2000,603289,泰瑞机器,"Tederic Machinery Co., LTD",上海证券交易所,Shanghai Stock Exchange
20260817,932000,中证2000,CSI 2000,603291,联合水务,"Jiangsu United Water Technology Co.,Ltd.",上海证券交易所,Shanghai Stock Exchange
20260817,932000,中证2000,CSI 2000,603309,维力医疗,"WELL LEAD MEDICAL CO., LTD.",上海证券交易所,Shanghai Stock Exchange
20260817,932000,中证2000,CSI 2000,603312,西典新能,"Suzhou West Deane New Power Electric Co.,Ltd.",上海证券交易所,Shanghai Stock Exchange
20260817,932000,中证2000,CSI 2000,603313,梦百合,"Healthcare Co., Ltd.",上海证券交易所,Shanghai Stock Exchange
20260817,932000,中证2000,CSI 2000,603315,福鞍股份,"Liaoning Fu-An Heavy Industry Co., Ltd.",上海证券交易所,Shanghai Stock Exchange
20260817,932000,中证2000,CSI 2000,603318,水发燃气,"Shuifa Energas Gas Co., Ltd.",上海证券交易所,Shanghai Stock Exchange
20260817,932000,中证2000,CSI 2000,603322,超讯科技,"Super Telecom Co.,Ltd.",上海证券交易所,Shanghai Stock Exchange
20260817,932000,中证2000,CSI 2000,603324,盛剑科技,"Shanghai Shengjian Technology Co., Ltd.",上海证券交易所,Shanghai Stock Exchange
20260817,932000,中证2000,CSI 2000,603325,博隆技术,Shanghai Bloom Technology Inc.,上海证券交易所,Shanghai Stock Exchange
20260817,932000,中证2000,CSI 2000,603330,天洋新材,"Shanghai Tianyang Hot Melt Adhesives Co.,Ltd.",上海证券交易所,Shanghai Stock Exchange
20260817,932000,中证2000,CSI 2000,603333,福华尚纬,"Sunway Co., Ltd.",上海证券交易所,Shanghai Stock Exchange
20260817,932000,中证2000,CSI 2000,603334,丰倍生物,"SUZHOU FENGBEI BIOTECH STOCK CO., LTD.",上海证券交易所,Shanghai Stock Exchange
20260817,932000,中证2000,CSI 2000,603336,宏辉果蔬,"GREAT-SUN FOODS CO.,LTD.",上海证券交易所,Shanghai Stock Exchange
20260817,932000,中证2000,CSI 2000,603339,四方科技,"Square Technology Group Co., Ltd.",上海证券交易所,Shanghai Stock Exchange
20260817,932000,中证2000,CSI 2000,603344,星德胜,"CINDERSON TECH (SUZHOU) CO., LTD.",上海证券交易所,Shanghai Stock Exchange
20260817,932000,中证2000,CSI 2000,603348,文灿股份,"Guangdong Wencan Die Casting Co., Ltd.",上海证券交易所,Shanghai Stock Exchange
20260817,932000,中证2000,CSI 2000,603350,安乃达,"Ananda Drive Techniques (Shanghai) Co., Ltd.",上海证券交易所,Shanghai Stock Exchange
20260817,932000,中证2000,CSI 2000,603352,至信股份,"Chongqing Zhixin Industrial Co., Ltd",上海证券交易所,Shanghai Stock Exchange
20260817,932000,中证2000,CSI 2000,603366,日出东方,"Solareast Holdings Co., Ltd.",上海证券交易所,Shanghai Stock Exchange
20260817,932000,中证2000,CSI 2000,603367,辰欣药业,"CISEN PHARMACEUTICAL CO., LTD.",上海证券交易所,Shanghai Stock Exchange
20260817,932000,中证2000,CSI 2000,603368,柳药集团,"Guangxi LiuYao Group Co., Ltd",上海证券交易所,Shanghai Stock Exchange
20260817,932000,中证2000,CSI 2000,603370,华新精科,Jiangyin Huaxin Precision Technology Corporation,上海证券交易所,Shanghai Stock Exchange
20260817,932000,中证2000,CSI 2000,603373,安邦护卫,"Anbang Save-Guard Group Co., Ltd.",上海证券交易所,Shanghai Stock Exchange
20260817,932000,中证2000,CSI 2000,603375,盛景微,"Wuxi Holyview Microelectronics Co.,Ltd.",上海证券交易所,Shanghai Stock Exchange
20260817,932000,中证2000,CSI 2000,603380,易德龙,"Suzhou Etron Technologies Co.,Ltd",上海证券交易所,Shanghai Stock Exchange
20260817,932000,中证2000,CSI 2000,603381,永臻股份,"Yonz Technology Co.,Ltd.",上海证券交易所,Shanghai Stock Exchange
20260817,932000,中证2000,CSI 2000,603382,海阳科技,"Haiyang Technology Co., Ltd.",上海证券交易所,Shanghai Stock Exchange
20260817,932000,中证2000,CSI 2000,603383,顶点软件,"Fujian Apex Software Co.,LTD",上海证券交易所,Shanghai Stock Exchange
20260817,932000,中证2000,CSI 2000,603386,骏亚科技,"Guangdong Champion Asia Electronics CO.,LTD.",上海证券交易所,Shanghai Stock Exchange
20260817,932000,中证2000,CSI 2000,603387,基蛋生物,"Getein Biotech, Inc.",上海证券交易所,Shanghai Stock Exchange
20260817,932000,中证2000,CSI 2000,603390,通达电气,"Guangzhou Tongda Auto Electric Co., Ltd",上海证券交易所,Shanghai Stock Exchange
20260817,932000,中证2000,CSI 2000,603391,力聚热能,"Zhejiang Liju Thermal Equipment Co., Ltd.",上海证券交易所,Shanghai Stock Exchange
20260817,932000,中证2000,CSI 2000,603396,金辰股份,"YINGKOU JINCHEN MACHINERY CO., LTD.",上海证券交易所,Shanghai Stock Exchange
20260817,932000,中证2000,CSI 2000,603399,永杉锂业,"JINZHOU YONGSHAN LITHIUM CO., LTD",上海证券交易所,Shanghai Stock Exchange
20260817,932000,中证2000,CSI 2000,603400,华之杰,"Suzhou Huazhijie Telecom Co., Ltd.",上海证券交易所,Shanghai Stock Exchange
20260817,932000,中证2000,CSI 2000,603416,信捷电气,"WuXi Xinje Electric Co.,Ltd.",上海证券交易所,Shanghai Stock Exchange
20260817,932000,中证2000,CSI 2000,603421,鼎信通讯,Qingdao Topscomm Communication INC.,上海证券交易所,Shanghai Stock Exchange
20260817,932000,中证2000,CSI 2000,603439,三力制药,"Guizhou Sanli Pharmaceutical Co.,Ltd.",上海证券交易所,Shanghai Stock Exchange
20260817,932000,中证2000,CSI 2000,603466,风语筑,"Shanghai Fengyuzhu Exhibition Co., Ltd.",上海证券交易所,Shanghai Stock Exchange
20260817,932000,中证2000,CSI 2000,603489,八方股份,"Bafang Electric (Suzhou) Co.,Ltd.",上海证券交易所,Shanghai Stock Exchange
20260817,932000,中证2000,CSI 2000,603499,翔港科技,"Shanghai Sunglow Packaging Technology Co., Ltd",上海证券交易所,Shanghai Stock Exchange
20260817,932000,中证2000,CSI 2000,603500,祥和实业,"Zhejiang Tiantai Xianghe Industrial Co., Ltd.",上海证券交易所,Shanghai Stock Exchange
20260817,932000,中证2000,CSI 2000,603507,振江股份,"JiangSu Zhenjiang NewEnergy Equipment Co., Ltd.",上海证券交易所,Shanghai Stock Exchange
20260817,932000,中证2000,CSI 2000,603518,锦泓集团,"Jinhong Fashion Group Co., Ltd.",上海证券交易所,Shanghai Stock Exchange
20260817,932000,中证2000,CSI 2000,603520,司太立,"Zhejiang Starry Pharmaceutical Co., Ltd.",上海证券交易所,Shanghai Stock Exchange
20260817,932000,中证2000,CSI 2000,603527,众源新材,"Anhui Zhongyuan New Materials Co.,Ltd.",上海证券交易所,Shanghai Stock Exchange
20260817,932000,中证2000,CSI 2000,603528,多伦科技,"Nanjing Doron Technology Co., Ltd.",上海证券交易所,Shanghai Stock Exchange
20260817,932000,中证2000,CSI 2000,603535,嘉诚国际,"Guangzhou Jiacheng International Logistics Co., Ltd.",上海证券交易所,Shanghai Stock Exchange
20260817,932000,中证2000,CSI 2000,603538,美诺华,"Ningbo Menovo Pharmaceutical Co., Ltd.",上海证券交易所,Shanghai Stock Exchange
20260817,932000,中证2000,CSI 2000,603558,健盛集团,"Zhejiang Jasan Holding Group Co., Ltd.",上海证券交易所,Shanghai Stock Exchange
20260817,932000,中证2000,CSI 2000,603566,普莱柯,"PULIKE BIOLOGICAL ENGINEERING, INC.",上海证券交易所,Shanghai Stock Exchange
20260817,932000,中证2000,CSI 2000,603569,长久物流,Beijing Changjiu Logistics Corp.,上海证券交易所,Shanghai Stock Exchange
20260817,932000,中证2000,CSI 2000,603577,汇金通,"QINGDAO HUIJINTONG POWER EQUIPMENT CO., LTD.",上海证券交易所,Shanghai Stock Exchange
20260817,932000,中证2000,CSI 2000,603579,荣泰健康,Shanghai Rongtai Health Technology Corporation Limited.,上海证券交易所,Shanghai Stock Exchange
20260817,932000,中证2000,CSI 2000,603585,苏利股份,"Suli Co., Ltd.",上海证券交易所,Shanghai Stock Exchange
20260817,932000,中证2000,CSI 2000,603586,金麒麟,"Shandong Gold Phoenix Co.,Ltd",上海证券交易所,Shanghai Stock Exchange
20260817,932000,中证2000,CSI 2000,603590,康辰药业,"Beijing Konruns Pharmaceutical Co.,Ltd.",上海证券交易所,Shanghai Stock Exchange
20260817,932000,中证2000,CSI 2000,603598,引力传媒,"Inly Media Co., Ltd.",上海证券交易所,Shanghai Stock Exchange
20260817,932000,中证2000,CSI 2000,603600,永艺股份,"UE Furniture Co., Ltd.",上海证券交易所,Shanghai Stock Exchange
20260817,932000,中证2000,CSI 2000,603601,再升科技,"Chongqing Zaisheng Technology Co.,Ltd.",上海证券交易所,Shanghai Stock Exchange
20260817,932000,中证2000,CSI 2000,603602,纵横通信,"Hangzhou Freely Communication Co., Ltd.",上海证券交易所,Shanghai Stock Exchange
20260817,932000,中证2000,CSI 2000,603607,京华激光,"Zhejiang Jinghua Laser Technology Co.,Ltd",上海证券交易所,Shanghai Stock Exchange
20260817,932000,中证2000,CSI 2000,603610,麒盛科技,Keeson Technology Corporation Limited,上海证券交易所,Shanghai Stock Exchange
20260817,932000,中证2000,CSI 2000,603611,诺力股份,"ZHEJIANG NOBLELIFT EQUIPMENT JOINT STOCK Co., Ltd",上海证券交易所,Shanghai Stock Exchange
20260817,932000,中证2000,CSI 2000,603615,茶花股份,"Chahua Modern Housewares Co.,Ltd.",上海证券交易所,Shanghai Stock Exchange
20260817,932000,中证2000,CSI 2000,603617,君禾股份,"JUNHE PUMPS HOLDING CO.,LTD.",上海证券交易所,Shanghai Stock Exchange
20260817,932000,中证2000,CSI 2000,603618,杭电股份,"Hangzhou Cable Co., Ltd.",上海证券交易所,Shanghai Stock Exchange
20260817,932000,中证2000,CSI 2000,603626,科森科技,"Kunshan Kersen Science & Technology Co.,Ltd.",上海证券交易所,Shanghai Stock Exchange
20260817,932000,中证2000,CSI 2000,603628,清源股份,"CLENERGY (XIAMEN) TECHNOLOGY CO.,LTD",上海证券交易所,Shanghai Stock Exchange
20260817,932000,中证2000,CSI 2000,603629,利通电子,"Jiangsu Lettall Electronic Co.,Ltd",上海证券交易所,Shanghai Stock Exchange
20260817,932000,中证2000,CSI 2000,603630,拉芳家化,"Lafang China Co.,Ltd.",上海证券交易所,Shanghai Stock Exchange
20260817,932000,中证2000,CSI 2000,603633,徕木股份,"Shanghai Laimu Electronics Co.,Ltd",上海证券交易所,Shanghai Stock Exchange
20260817,932000,中证2000,CSI 2000,603655,朗博科技,"Changzhou Langbo Seal Polytron Technologies Co., Ltd.",上海证券交易所,Shanghai Stock Exchange
20260817,932000,中证2000,CSI 2000,603656,泰禾智能,"Hefei Taihe Intelligent Technology Group Co.,Ltd.",上海证券交易所,Shanghai Stock Exchange
20260817,932000,中证2000,CSI 2000,603657,春光科技,"Jinhua Chunguang Technology Co., Ltd.",上海证券交易所,Shanghai Stock Exchange
20260817,932000,中证2000,CSI 2000,603660,苏州科达,"Suzhou Keda Technology Co.,Ltd",上海证券交易所,Shanghai Stock Exchange
20260817,932000,中证2000,CSI 2000,603665,康隆达,"ZheJiang KangLongDa Special Protection Technology Co., Ltd.",上海证券交易所,Shanghai Stock Exchange
20260817,932000,中证2000,CSI 2000,603668,天马科技,"FUJIAN TIANMA SCIENCE AND TECHNOLOGY GROUP CO., LTD.",上海证券交易所,Shanghai Stock Exchange
20260817,932000,中证2000,CSI 2000,603677,奇精机械,"Qijing Machinery Co., Ltd.",上海证券交易所,Shanghai Stock Exchange
20260817,932000,中证2000,CSI 2000,603680,今创集团,"KTK GROUP Co., Ltd.",上海证券交易所,Shanghai Stock Exchange
20260817,932000,中证2000,CSI 2000,603681,永冠新材,"Shanghai Yongguan Adhesive Products Corp., Ltd.",上海证券交易所,Shanghai Stock Exchange
20260817,932000,中证2000,CSI 2000,603683,晶华新材,"SHANGHAI SMITH ADHESIVE NEW MATERIAL CO., LTD",上海证券交易所,Shanghai Stock Exchange
20260817,932000,中证2000,CSI 2000,603686,福龙马,"Fulongma Group Co.,Ltd.",上海证券交易所,Shanghai Stock Exchange
20260817,932000,中证2000,CSI 2000,603687,大胜达,"Zhejiang Great Shengda Packaging Co.,Ltd.",上海证券交易所,Shanghai Stock Exchange
20260817,932000,中证2000,CSI 2000,603696,安记食品,"Anji Foodstuff Co., Ltd.",上海证券交易所,Shanghai Stock Exchange
20260817,932000,中证2000,CSI 2000,603697,有友食品,"YouYou Foods Co., Ltd.",上海证券交易所,Shanghai Stock Exchange
20260817,932000,中证2000,CSI 2000,603701,德宏股份,"Zhejiang Dehong Automotive Electronic & Electrical Co.,Ltd.",上海证券交易所,Shanghai Stock Exchange
20260817,932000,中证2000,CSI 2000,603703,盛洋科技,"Zhejiang Shengyang Science and Technology Co., Ltd.",上海证券交易所,Shanghai Stock Exchange
20260817,932000,中证2000,CSI 2000,603708,家家悦,"Jiajiayue Group Co., Ltd.",上海证券交易所,Shanghai Stock Exchange
20260817,932000,中证2000,CSI 2000,603711,香飘飘,"Xiangpiaopiao Food Co., Ltd.",上海证券交易所,Shanghai Stock Exchange
20260817,932000,中证2000,CSI 2000,603722,阿科力,"Wuxi Acryl Technology Co.,Ltd.",上海证券交易所,Shanghai Stock Exchange
20260817,932000,中证2000,CSI 2000,603726,朗迪集团,"Zhejiang Langdi Group Co., Ltd.",上海证券交易所,Shanghai Stock Exchange
20260817,932000,中证2000,CSI 2000,603727,博迈科,BOMESC Offshore Engineering Company Limited,上海证券交易所,Shanghai Stock Exchange
20260817,932000,中证2000,CSI 2000,603738,泰晶科技,"Hubei TKD Crystal Electronic Science and Technology Co., Ltd.",上海证券交易所,Shanghai Stock Exchange
20260817,932000,中证2000,CSI 2000,603739,蔚蓝生物,"Qingdao Vland Biotech Co.,Ltd.",上海证券交易所,Shanghai Stock Exchange
20260817,932000,中证2000,CSI 2000,603757,大元泵业,"Zhejiang Dayuan Pumps Industry Co., Ltd",上海证券交易所,Shanghai Stock Exchange
20260817,932000,中证2000,CSI 2000,603758,秦安股份,Chongqing Qin'an M&E PLC.,上海证券交易所,Shanghai Stock Exchange
20260817,932000,中证2000,CSI 2000,603759,海天股份,"HAITIAN WATER GROUP CO., LTD.",上海证券交易所,Shanghai Stock Exchange
20260817,932000,中证2000,CSI 2000,603767,中马传动,"ZHEJIANG ZOMAX TRANSMISSION CO.,LTD.",上海证券交易所,Shanghai Stock Exchange
20260817,932000,中证2000,CSI 2000,603776,永安行,"Youon Technology Co.,Ltd",上海证券交易所,Shanghai Stock Exchange
20260817,932000,中证2000,CSI 2000,603777,来伊份,"SHANGHAI LAIYIFEN CO., LTD.",上海证券交易所,Shanghai Stock Exchange
20260817,932000,中证2000,CSI 2000,603787,新日股份,"JIANGSU XINRI E-VEHICLE CO., LTD.",上海证券交易所,Shanghai Stock Exchange
20260817,932000,中证2000,CSI 2000,603790,雅运股份,"ARGUS (SHANGHAI) TEXTILE CHEMICALS CO.,LTD.",上海证券交易所,Shanghai Stock Exchange
20260817,932000,中证2000,CSI 2000,603798,康普顿,QINGDAO COPTON TECHNOLOGY COMPANY LIMITED,上海证券交易所,Shanghai Stock Exchange
20260817,932000,中证2000,CSI 2000,603800,洪田股份,"Jiangsu Hongtian Technology Co.,Ltd.",上海证券交易所,Shanghai Stock Exchange
20260817,932000,中证2000,CSI 2000,603811,诚意药业,"Zhejiang Cheng Yi Pharmaceutical Co.,Ltd.",上海证券交易所,Shanghai Stock Exchange
20260817,932000,中证2000,CSI 2000,603815,交建股份,"Anhui Gourgen Traffic Construction Co.,Ltd.",上海证券交易所,Shanghai Stock Exchange
20260817,932000,中证2000,CSI 2000,603817,海峡环保,"Fujian Haixia Environmental Protection Group Co.,Ltd.",上海证券交易所,Shanghai Stock Exchange
20260817,932000,中证2000,CSI 2000,603823,百合花,"Lily Group Co., Ltd.",上海证券交易所,Shanghai Stock Exchange
20260817,932000,中证2000,CSI 2000,603829,洛凯股份,"Jiangsu Luokai Mechanical & Electrical Co., Ltd.",上海证券交易所,Shanghai Stock Exchange
20260817,932000,中证2000,CSI 2000,603848,好太太,"Guangdong Hotata Technology Group Co.,Ltd.",上海证券交易所,Shanghai Stock Exchange
20260817,932000,中证2000,CSI 2000,603855,华荣股份,Warom Technology Incorporated Company,上海证券交易所,Shanghai Stock Exchange
20260817,932000,中证2000,CSI 2000,603859,能科科技,"Nancal Technology Co.,Ltd.",上海证券交易所,Shanghai Stock Exchange
20260817,932000,中证2000,CSI 2000,603861,白云电器,"Guangzhou Baiyun Electric Equipment Co., Ltd.",上海证券交易所,Shanghai Stock Exchange
20260817,932000,中证2000,CSI 2000,603867,新化股份,"Zhejiang Xinhua Chemical Co., Ltd.",上海证券交易所,Shanghai Stock Exchange
20260817,932000,中证2000,CSI 2000,603878,武进不锈,"JIANG SU WUJIN STAINLESS STEEL PIPE GROUP CO., LTD.",上海证券交易所,Shanghai Stock Exchange
20260817,932000,中证2000,CSI 2000,603889,新澳股份,Zhejiang Xinao Textiles Inc.,上海证券交易所,Shanghai Stock Exchange
20260817,932000,中证2000,CSI 2000,603890,春秋电子,"Suzhou Chunqiu Electronic Technology Co., Ltd",上海证券交易所,Shanghai Stock Exchange
20260817,932000,中证2000,CSI 2000,603897,长城科技,"ZHEJIANG GRANDWALL ELECTRIC SCIENCE&TECHNOLOGY CO.,LTD.",上海证券交易所,Shanghai Stock Exchange
20260817,932000,中证2000,CSI 2000,603901,永创智能,"Hangzhou Youngsun Intelligent Equipment Co., Ltd.",上海证券交易所,Shanghai Stock Exchange
20260817,932000,中证2000,CSI 2000,603912,佳力图,"Nanjing Canatal Data-Centre Environmental Tech Co., Ltd",上海证券交易所,Shanghai Stock Exchange
20260817,932000,中证2000,CSI 2000,603916,苏博特,"SOBUTE NEW MATERIALS CO., LTD",上海证券交易所,Shanghai Stock Exchange
20260817,932000,中证2000,CSI 2000,603917,合力科技,"Ningbo Heli Mould Technology Co., Ltd.",上海证券交易所,Shanghai Stock Exchange
20260817,932000,中证2000,CSI 2000,603918,金桥信息,"Shanghai Golden Bridge InfoTech Co., Ltd.",上海证券交易所,Shanghai Stock Exchange
20260817,932000,中证2000,CSI 2000,603926,铁流股份,"ZHEJIANG TIELIU CLUTCH CO., LTD.",上海证券交易所,Shanghai Stock Exchange
20260817,932000,中证2000,CSI 2000,603928,兴业股份,"Suzhou Xingye Materials Technology Co.,Ltd.",上海证券交易所,Shanghai Stock Exchange
20260817,932000,中证2000,CSI 2000,603931,格林达,"Hangzhou Greenda Electronic Materials Co., Ltd.",上海证券交易所,Shanghai Stock Exchange
20260817,932000,中证2000,CSI 2000,603933,睿能科技,"FUJIAN RAYNEN TECHNOLOGY CO.,LTD.",上海证券交易所,Shanghai Stock Exchange
20260817,932000,中证2000,CSI 2000,603936,博敏电子,"Bomin Electronics Co., Ltd.",上海证券交易所,Shanghai Stock Exchange
20260817,932000,中证2000,CSI 2000,603938,三孚股份,"Tangshan Sunfar Silicon Industries Co., Ltd.",上海证券交易所,Shanghai Stock Exchange
20260817,932000,中证2000,CSI 2000,603948,建业股份,"Zhejiang Jianye Chemical Co., Ltd.",上海证券交易所,Shanghai Stock Exchange
20260817,932000,中证2000,CSI 2000,603949,雪龙集团,"Xuelong Group Co., Ltd.",上海证券交易所,Shanghai Stock Exchange
20260817,932000,中证2000,CSI 2000,603960,克来机电,"Shanghai Kelai Mechatronics Engineering Co.,Ltd",上海证券交易所,Shanghai Stock Exchange
20260817,932000,中证2000,CSI 2000,603966,法兰泰克,"EUROCRANE(CHINA) Co., Ltd.",上海证券交易所,Shanghai Stock Exchange
20260817,932000,中证2000,CSI 2000,603967,中创物流,"CHINA MASTER LOGISTICS CO., LTD.",上海证券交易所,Shanghai Stock Exchange
20260817,932000,中证2000,CSI 2000,603969,银龙股份,"SILVERY DRAGON PRESTRESSED MATERIALS CO., LTD. TIANJIN",上海证券交易所,Shanghai Stock Exchange
20260817,932000,中证2000,CSI 2000,603977,国泰集团,"Jiangxi Guotai Group Co.,Ltd.",上海证券交易所,Shanghai Stock Exchange
20260817,932000,中证2000,CSI 2000,603980,吉华集团,"ZheJiang JiHua Group Co.,Ltd",上海证券交易所,Shanghai Stock Exchange
20260817,932000,中证2000,CSI 2000,603985,恒润股份,"Jiangyin Hengrun Heavy Industries Co.,Ltd",上海证券交易所,Shanghai Stock Exchange
20260817,932000,中证2000,CSI 2000,603987,康德莱,"Shanghai Kindly Enterprise Development Group Co.,LTD.",上海证券交易所,Shanghai Stock Exchange
20260817,932000,中证2000,CSI 2000,603988,中电电机,"SEC Electric Machinery Co., Ltd.",上海证券交易所,Shanghai Stock Exchange
20260817,932000,中证2000,CSI 2000,603989,艾华集团,"HUNAN AIHUA GROUP CO., LTD.",上海证券交易所,Shanghai Stock Exchange
20260817,932000,中证2000,CSI 2000,603990,麦迪科技,"Suzhou MedicalSystem Technology Co., Ltd.",上海证券交易所,Shanghai Stock Exchange
20260817,932000,中证2000,CSI 2000,603995,甬金股份,"Yongjin Technology Group Co., Ltd",上海证券交易所,Shanghai Stock Exchange
20260817,932000,中证2000,CSI 2000,603998,方盛制药,"Hunan Fangsheng Pharmaceutical Co., Ltd.",上海证券交易所,Shanghai Stock Exchange
20260817,932000,中证2000,CSI 2000,603999,读者传媒,"Duzhe Publishing&Media Co.,Ltd.",上海证券交易所,Shanghai Stock Exchange
20260817,932000,中证2000,CSI 2000,605005,合兴股份,"CWB Automotive Electronics Co., Ltd.",上海证券交易所,Shanghai Stock Exchange
20260817,932000,中证2000,CSI 2000,605006,山东玻纤,"Shandong Fiberglass Group Co., Ltd.",上海证券交易所,Shanghai Stock Exchange
20260817,932000,中证2000,CSI 2000,605007,五洲特纸,"Quzhou Wuzhou Special Paper Co., Ltd.",上海证券交易所,Shanghai Stock Exchange
20260817,932000,中证2000,CSI 2000,605009,豪悦护理,"Hangzhou Haoyue Personal Care Co., Ltd",上海证券交易所,Shanghai Stock Exchange
20260817,932000,中证2000,CSI 2000,605016,百龙创园,"Shandong Bailong Chuangyuan Bio-Tech Co., Ltd.",上海证券交易所,Shanghai Stock Exchange
20260817,932000,中证2000,CSI 2000,605018,长华集团,"Zhejiang Changhua AutoParts Co.,Ltd.",上海证券交易所,Shanghai Stock Exchange
20260817,932000,中证2000,CSI 2000,605028,世茂能源,"Ningbo Shimao Energy Co.,Ltd.",上海证券交易所,Shanghai Stock Exchange
20260817,932000,中证2000,CSI 2000,605050,福然德,"Friend Co.,Ltd.",上海证券交易所,Shanghai Stock Exchange
20260817,932000,中证2000,CSI 2000,605056,咸亨国际,"Xianheng International Science&Technology Co., Ltd.",上海证券交易所,Shanghai Stock Exchange
20260817,932000,中证2000,CSI 2000,605058,澳弘电子,"CHANGZHOU AOHONG ELECTRONICS CO., LTD.",上海证券交易所,Shanghai Stock Exchange
20260817,932000,中证2000,CSI 2000,605060,联德股份,"Allied Machinery Co., Ltd.",上海证券交易所,Shanghai Stock Exchange
20260817,932000,中证2000,CSI 2000,605066,天正电气,"ZHEJIANG TENGEN ELECTRICS CO.,LTD.",上海证券交易所,Shanghai Stock Exchange
20260817,932000,中证2000,CSI 2000,605068,明新旭腾,"Mingxin Automotive Leather Co., Ltd.",上海证券交易所,Shanghai Stock Exchange
20260817,932000,中证2000,CSI 2000,605077,华康股份,"Zhejiang Huakang Pharmaceutical Co., Ltd.",上海证券交易所,Shanghai Stock Exchange
20260817,932000,中证2000,CSI 2000,605080,浙江自然,ZHEJIANG NATURAL OUTDOOR GOODS INC.,上海证券交易所,Shanghai Stock Exchange
20260817,932000,中证2000,CSI 2000,605086,龙高股份,"LONGYAN KAOLIN CLAY CO., LTD.",上海证券交易所,Shanghai Stock Exchange
20260817,932000,中证2000,CSI 2000,605088,冠盛股份,"GSP Automotive Group Wenzhou Co., Ltd.",上海证券交易所,Shanghai Stock Exchange
20260817,932000,中证2000,CSI 2000,605100,华丰股份,"Power HF Co., Ltd.",上海证券交易所,Shanghai Stock Exchange
20260817,932000,中证2000,CSI 2000,605108,同庆楼,"Tongqinglou Catering Co.,Ltd.",上海证券交易所,Shanghai Stock Exchange
20260817,932000,中证2000,CSI 2000,605128,上海沿浦,"SHANGHAI YANPU METAL PRODUCTS CO., LTD",上海证券交易所,Shanghai Stock Exchange
20260817,932000,中证2000,CSI 2000,605133,嵘泰股份,"Jiangsu Rongtai Industry Co., Ltd.",上海证券交易所,Shanghai Stock Exchange
20260817,932000,中证2000,CSI 2000,605136,丽人丽妆,"Shanghai Lily&Beauty Cosmetics Co., Ltd.",上海证券交易所,Shanghai Stock Exchange
20260817,932000,中证2000,CSI 2000,605162,新中港,"Zhejiang Xinzhonggang Thermal Power Co., LTD.",上海证券交易所,Shanghai Stock Exchange
20260817,932000,中证2000,CSI 2000,605166,聚合顺,"Hangzhou Juheshun New Material Co., Ltd.",上海证券交易所,Shanghai Stock Exchange
20260817,932000,中证2000,CSI 2000,605167,利柏特,Jiangsu Libert INC.,上海证券交易所,Shanghai Stock Exchange
20260817,932000,中证2000,CSI 2000,605168,三人行,"Three's Company Future Technology Group Co., Ltd.",上海证券交易所,Shanghai Stock Exchange
20260817,932000,中证2000,CSI 2000,605169,洪通燃气,"Xinjiang Hongtong Natural Gas Co., Ltd.",上海证券交易所,Shanghai Stock Exchange
20260817,932000,中证2000,CSI 2000,605179,一鸣食品,"Zhejiang Yiming Food Co., Ltd.",上海证券交易所,Shanghai Stock Exchange
20260817,932000,中证2000,CSI 2000,605183,确成股份,"Quechen Silicon Chemical Co., Ltd.",上海证券交易所,Shanghai Stock Exchange
20260817,932000,中证2000,CSI 2000,605188,国光连锁,"JIANGXI GUOGUANG COMMERCIAL CHAINS CO., LTD.",上海证券交易所,Shanghai Stock Exchange
20260817,932000,中证2000,CSI 2000,605208,永茂泰,"Shanghai Yongmaotai Automotive Technology Co., Ltd.",上海证券交易所,Shanghai Stock Exchange
20260817,932000,中证2000,CSI 2000,605222,起帆电缆,"Shanghai QiFan Cable Co., Ltd",上海证券交易所,Shanghai Stock Exchange
20260817,932000,中证2000,CSI 2000,605228,神通科技,"SHEN TONG TECHNOLOGY GROUP CO., LTD.",上海证券交易所,Shanghai Stock Exchange
20260817,932000,中证2000,CSI 2000,605258,协和电子,"Jiangsu Xiehe Electronic Co.,Ltd.",上海证券交易所,Shanghai Stock Exchange
20260817,932000,中证2000,CSI 2000,605259,绿田机械,"Lutian Machinery Co., Ltd",上海证券交易所,Shanghai Stock Exchange
20260817,932000,中证2000,CSI 2000,605268,王力安防,"Wangli Security & Surveillance Product Co., Ltd",上海证券交易所,Shanghai Stock Exchange
20260817,932000,中证2000,CSI 2000,605277,新亚电子,"Xinya Electronic Co., Ltd.",上海证券交易所,Shanghai Stock Exchange
20260817,932000,中证2000,CSI 2000,605286,同力天启,"Jiangsu Tongli Tianqi Technology Co., Ltd.",上海证券交易所,Shanghai Stock Exchange
20260817,932000,中证2000,CSI 2000,605287,德才股份,"Decai Decoration CO.,LTD",上海证券交易所,Shanghai Stock Exchange
20260817,932000,中证2000,CSI 2000,605288,凯迪股份,Chang zhou Kaidi Electrical Inc.,上海证券交易所,Shanghai Stock Exchange
20260817,932000,中证2000,CSI 2000,605289,罗曼股份,Shanghai Luoman Technologies Inc.,上海证券交易所,Shanghai Stock Exchange
20260817,932000,中证2000,CSI 2000,605298,必得科技,"Jiangsu Bide Science and Technology CO.,Ltd.",上海证券交易所,Shanghai Stock Exchange
20260817,932000,中证2000,CSI 2000,605299,舒华体育,"SHUHUA SPORTS CO., LTD.",上海证券交易所,Shanghai Stock Exchange
20260817,932000,中证2000,CSI 2000,605305,中际联合,"Ficont Industry (Beijing) Co., Ltd.",上海证券交易所,Shanghai Stock Exchange
20260817,932000,中证2000,CSI 2000,605319,无锡振华,"Wuxi Zhenhua Auto Parts Co., Ltd.",上海证券交易所,Shanghai Stock Exchange
20260817,932000,中证2000,CSI 2000,605337,李子园,"ZHE JIANG LI ZI YUAN FOOD CO.,LTD.",上海证券交易所,Shanghai Stock Exchange
20260817,932000,中证2000,CSI 2000,605338,巴比食品,"ZHONGYIN BABI FOOD CO.,LTD.",上海证券交易所,Shanghai Stock Exchange
20260817,932000,中证2000,CSI 2000,605365,立达信,Leedarson IoT Technology Inc.,上海证券交易所,Shanghai Stock Exchange
20260817,932000,中证2000,CSI 2000,605366,宏柏新材,"JIANGXI HUNGPAI NEW MATERIAL CO., LTD.",上海证券交易所,Shanghai Stock Exchange
20260817,932000,中证2000,CSI 2000,605377,华旺科技,"Hangzhou Huawang New Material Technology Co., Ltd.",上海证券交易所,Shanghai Stock Exchange
20260817,932000,中证2000,CSI 2000,605378,野马电池,"Zhejiang Mustang Battery Co.,Ltd",上海证券交易所,Shanghai Stock Exchange
20260817,932000,中证2000,CSI 2000,605388,均瑶健康,"Juneyao Grand Healthy Drinks Co.,Ltd.",上海证券交易所,Shanghai Stock Exchange
20260817,932000,中证2000,CSI 2000,605389,长龄液压,"JiangSu Changling Hydraulic Co., Ltd",上海证券交易所,Shanghai Stock Exchange
20260817,932000,中证2000,CSI 2000,605398,新炬网络,"Shanghai New Centurion Network Information Technology Co., Ltd.",上海证券交易所,Shanghai Stock Exchange
20260817,932000,中证2000,CSI 2000,605399,晨光新材,"JIANG XI CHENGUANG NEW MATERIALS CO.,LTD.",上海证券交易所,Shanghai Stock Exchange
20260817,932000,中证2000,CSI 2000,605488,福莱新材,"Zhejiang Fulai New Material Co., Ltd.",上海证券交易所,Shanghai Stock Exchange
20260817,932000,中证2000,CSI 2000,605500,森林包装,"Forest Packaging Group Co.,Ltd.",上海证券交易所,Shanghai Stock Exchange
20260817,932000,中证2000,CSI 2000,605566,福莱蒽特,"Hangzhou Flariant Co., Ltd.",上海证券交易所,Shanghai Stock Exchange
20260817,932000,中证2000,CSI 2000,605577,龙版传媒,"Heilongjiang Publishing & Media Co., Ltd.",上海证券交易所,Shanghai Stock Exchange
20260817,932000,中证2000,CSI 2000,605580,恒盛能源,"Hengsheng Energy Co.,Ltd.",上海证券交易所,Shanghai Stock Exchange
20260817,932000,中证2000,CSI 2000,605588,冠石科技,"Keystone Technology Co.,Ltd.",上海证券交易所,Shanghai Stock Exchange
20260817,932000,中证2000,CSI 2000,605598,上海港湾,"Shanghai Geoharbour Construction Group Co., Ltd.",上海证券交易所,Shanghai Stock Exchange
